STATISTIC,STATISTIC Label,TLIST(A1),Year,C02069V02500,Type of Fertiliser,UNIT,VALUE
AJA05,Fertiliser Price,1980,1980,1,Calcium Ammonium Nitrate (27.5% N),Euro per Tonne,126
AJA05,Fertiliser Price,1980,1980,2,Urea (46% N),Euro per Tonne,159
AJA05,Fertiliser Price,1980,1980,4,Granular Superphosphate (16% P),Euro per Tonne,170
AJA05,Fertiliser Price,1980,1980,6,Muriate of Potash (50% K),Euro per Tonne,114
AJA05,Fertiliser Price,1980,1980,7,Compound 0-10-20,Euro per Tonne,138
AJA05,Fertiliser Price,1980,1980,8,Compound 0-7-30,Euro per Tonne,135
AJA05,Fertiliser Price,1980,1980,9,Compound 7-6-17,Euro per Tonne,161
AJA05,Fertiliser Price,1980,1980,10,Compound 10-10-20,Euro per Tonne,171
AJA05,Fertiliser Price,1980,1980,11,Compound 14-7-14,Euro per Tonne,161
AJA05,Fertiliser Price,1980,1980,12,Compound 18-6-12,Euro per Tonne,163
AJA05,Fertiliser Price,1980,1980,13,Compound 24-2.5-10,Euro per Tonne,166
AJA05,Fertiliser Price,1980,1980,14,Compound 27-2.5-5,Euro per Tonne,162
AJA05,Fertiliser Price,1980,1980,15,Sulphate of Potash (42% K),Euro per Tonne,
AJA05,Fertiliser Price,1980,1980,16,Compound 8-5-18,Euro per Tonne,
AJA05,Fertiliser Price,1980,1980,17,Compound 20-4-10,Euro per Tonne,
AJA05,Fertiliser Price,1980,1980,18,Sulphate of Ammonia (21%),Euro per Tonne,
AJA05,Fertiliser Price,1980,1980,19,Ammonium Sulphate Nitrate (26%),Euro per Tonne,
AJA05,Fertiliser Price,1980,1980,20,Compound 10-5-25,Euro per Tonne,
AJA05,Fertiliser Price,1980,1980,21,Compound 13-6-20,Euro per Tonne,
AJA05,Fertiliser Price,1980,1980,22,Compound 15-3-20,Euro per Tonne,
AJA05,Fertiliser Price,1980,1980,23,Compound 24-2.2-10,Euro per Tonne,
AJA05,Fertiliser Price,1980,1980,24,Compound 24-2.2-4.5,Euro per Tonne,
AJA05,Fertiliser Price,1980,1980,26,Compound 19-0-15,Euro per Tonne,
AJA05,Fertiliser Price,1980,1980,27,Compound 25-4-0,Euro per Tonne,
AJA05,Fertiliser Price,1981,1981,1,Calcium Ammonium Nitrate (27.5% N),Euro per Tonne,144
AJA05,Fertiliser Price,1981,1981,2,Urea (46% N),Euro per Tonne,181
AJA05,Fertiliser Price,1981,1981,4,Granular Superphosphate (16% P),Euro per Tonne,203
AJA05,Fertiliser Price,1981,1981,6,Muriate of Potash (50% K),Euro per Tonne,135
AJA05,Fertiliser Price,1981,1981,7,Compound 0-10-20,Euro per Tonne,162
AJA05,Fertiliser Price,1981,1981,8,Compound 0-7-30,Euro per Tonne,159
AJA05,Fertiliser Price,1981,1981,9,Compound 7-6-17,Euro per Tonne,189
AJA05,Fertiliser Price,1981,1981,10,Compound 10-10-20,Euro per Tonne,197
AJA05,Fertiliser Price,1981,1981,11,Compound 14-7-14,Euro per Tonne,186
AJA05,Fertiliser Price,1981,1981,12,Compound 18-6-12,Euro per Tonne,186
AJA05,Fertiliser Price,1981,1981,13,Compound 24-2.5-10,Euro per Tonne,181
AJA05,Fertiliser Price,1981,1981,14,Compound 27-2.5-5,Euro per Tonne,178
AJA05,Fertiliser Price,1981,1981,15,Sulphate of Potash (42% K),Euro per Tonne,
AJA05,Fertiliser Price,1981,1981,16,Compound 8-5-18,Euro per Tonne,
AJA05,Fertiliser Price,1981,1981,17,Compound 20-4-10,Euro per Tonne,
AJA05,Fertiliser Price,1981,1981,18,Sulphate of Ammonia (21%),Euro per Tonne,
AJA05,Fertiliser Price,1981,1981,19,Ammonium Sulphate Nitrate (26%),Euro per Tonne,
AJA05,Fertiliser Price,1981,1981,20,Compound 10-5-25,Euro per Tonne,
AJA05,Fertiliser Price,1981,1981,21,Compound 13-6-20,Euro per Tonne,
AJA05,Fertiliser Price,1981,1981,22,Compound 15-3-20,Euro per Tonne,
AJA05,Fertiliser Price,1981,1981,23,Compound 24-2.2-10,Euro per Tonne,
AJA05,Fertiliser Price,1981,1981,24,Compound 24-2.2-4.5,Euro per Tonne,
AJA05,Fertiliser Price,1981,1981,26,Compound 19-0-15,Euro per Tonne,
AJA05,Fertiliser Price,1981,1981,27,Compound 25-4-0,Euro per Tonne,
AJA05,Fertiliser Price,1982,1982,1,Calcium Ammonium Nitrate (27.5% N),Euro per Tonne,157
AJA05,Fertiliser Price,1982,1982,2,Urea (46% N),Euro per Tonne,197
AJA05,Fertiliser Price,1982,1982,4,Granular Superphosphate (16% P),Euro per Tonne,232
AJA05,Fertiliser Price,1982,1982,6,Muriate of Potash (50% K),Euro per Tonne,148
AJA05,Fertiliser Price,1982,1982,7,Compound 0-10-20,Euro per Tonne,168
AJA05,Fertiliser Price,1982,1982,8,Compound 0-7-30,Euro per Tonne,166
AJA05,Fertiliser Price,1982,1982,9,Compound 7-6-17,Euro per Tonne,215
AJA05,Fertiliser Price,1982,1982,10,Compound 10-10-20,Euro per Tonne,206
AJA05,Fertiliser Price,1982,1982,11,Compound 14-7-14,Euro per Tonne,193
AJA05,Fertiliser Price,1982,1982,12,Compound 18-6-12,Euro per Tonne,195
AJA05,Fertiliser Price,1982,1982,13,Compound 24-2.5-10,Euro per Tonne,197
AJA05,Fertiliser Price,1982,1982,14,Compound 27-2.5-5,Euro per Tonne,196
AJA05,Fertiliser Price,1982,1982,15,Sulphate of Potash (42% K),Euro per Tonne,
AJA05,Fertiliser Price,1982,1982,16,Compound 8-5-18,Euro per Tonne,
AJA05,Fertiliser Price,1982,1982,17,Compound 20-4-10,Euro per Tonne,
AJA05,Fertiliser Price,1982,1982,18,Sulphate of Ammonia (21%),Euro per Tonne,
AJA05,Fertiliser Price,1982,1982,19,Ammonium Sulphate Nitrate (26%),Euro per Tonne,
AJA05,Fertiliser Price,1982,1982,20,Compound 10-5-25,Euro per Tonne,
AJA05,Fertiliser Price,1982,1982,21,Compound 13-6-20,Euro per Tonne,
AJA05,Fertiliser Price,1982,1982,22,Compound 15-3-20,Euro per Tonne,
AJA05,Fertiliser Price,1982,1982,23,Compound 24-2.2-10,Euro per Tonne,
AJA05,Fertiliser Price,1982,1982,24,Compound 24-2.2-4.5,Euro per Tonne,
AJA05,Fertiliser Price,1982,1982,26,Compound 19-0-15,Euro per Tonne,
AJA05,Fertiliser Price,1982,1982,27,Compound 25-4-0,Euro per Tonne,
AJA05,Fertiliser Price,1983,1983,1,Calcium Ammonium Nitrate (27.5% N),Euro per Tonne,158
AJA05,Fertiliser Price,1983,1983,2,Urea (46% N),Euro per Tonne,206
AJA05,Fertiliser Price,1983,1983,4,Granular Superphosphate (16% P),Euro per Tonne,241
AJA05,Fertiliser Price,1983,1983,6,Muriate of Potash (50% K),Euro per Tonne,152
AJA05,Fertiliser Price,1983,1983,7,Compound 0-10-20,Euro per Tonne,168
AJA05,Fertiliser Price,1983,1983,8,Compound 0-7-30,Euro per Tonne,166
AJA05,Fertiliser Price,1983,1983,9,Compound 7-6-17,Euro per Tonne,217
AJA05,Fertiliser Price,1983,1983,10,Compound 10-10-20,Euro per Tonne,206
AJA05,Fertiliser Price,1983,1983,11,Compound 14-7-14,Euro per Tonne,193
AJA05,Fertiliser Price,1983,1983,12,Compound 18-6-12,Euro per Tonne,194
AJA05,Fertiliser Price,1983,1983,13,Compound 24-2.5-10,Euro per Tonne,199
AJA05,Fertiliser Price,1983,1983,14,Compound 27-2.5-5,Euro per Tonne,196
AJA05,Fertiliser Price,1983,1983,15,Sulphate of Potash (42% K),Euro per Tonne,
AJA05,Fertiliser Price,1983,1983,16,Compound 8-5-18,Euro per Tonne,
AJA05,Fertiliser Price,1983,1983,17,Compound 20-4-10,Euro per Tonne,
AJA05,Fertiliser Price,1983,1983,18,Sulphate of Ammonia (21%),Euro per Tonne,
AJA05,Fertiliser Price,1983,1983,19,Ammonium Sulphate Nitrate (26%),Euro per Tonne,
AJA05,Fertiliser Price,1983,1983,20,Compound 10-5-25,Euro per Tonne,
AJA05,Fertiliser Price,1983,1983,21,Compound 13-6-20,Euro per Tonne,
AJA05,Fertiliser Price,1983,1983,22,Compound 15-3-20,Euro per Tonne,
AJA05,Fertiliser Price,1983,1983,23,Compound 24-2.2-10,Euro per Tonne,
AJA05,Fertiliser Price,1983,1983,24,Compound 24-2.2-4.5,Euro per Tonne,
AJA05,Fertiliser Price,1983,1983,26,Compound 19-0-15,Euro per Tonne,
AJA05,Fertiliser Price,1983,1983,27,Compound 25-4-0,Euro per Tonne,
AJA05,Fertiliser Price,1984,1984,1,Calcium Ammonium Nitrate (27.5% N),Euro per Tonne,163
AJA05,Fertiliser Price,1984,1984,2,Urea (46% N),Euro per Tonne,213
AJA05,Fertiliser Price,1984,1984,4,Granular Superphosphate (16% P),Euro per Tonne,263
AJA05,Fertiliser Price,1984,1984,6,Muriate of Potash (50% K),Euro per Tonne,171
AJA05,Fertiliser Price,1984,1984,7,Compound 0-10-20,Euro per Tonne,189
AJA05,Fertiliser Price,1984,1984,8,Compound 0-7-30,Euro per Tonne,185
AJA05,Fertiliser Price,1984,1984,9,Compound 7-6-17,Euro per Tonne,235
AJA05,Fertiliser Price,1984,1984,10,Compound 10-10-20,Euro per Tonne,231
AJA05,Fertiliser Price,1984,1984,11,Compound 14-7-14,Euro per Tonne,211
AJA05,Fertiliser Price,1984,1984,12,Compound 18-6-12,Euro per Tonne,212
AJA05,Fertiliser Price,1984,1984,13,Compound 24-2.5-10,Euro per Tonne,220
AJA05,Fertiliser Price,1984,1984,14,Compound 27-2.5-5,Euro per Tonne,217
AJA05,Fertiliser Price,1984,1984,15,Sulphate of Potash (42% K),Euro per Tonne,
AJA05,Fertiliser Price,1984,1984,16,Compound 8-5-18,Euro per Tonne,
AJA05,Fertiliser Price,1984,1984,17,Compound 20-4-10,Euro per Tonne,
AJA05,Fertiliser Price,1984,1984,18,Sulphate of Ammonia (21%),Euro per Tonne,
AJA05,Fertiliser Price,1984,1984,19,Ammonium Sulphate Nitrate (26%),Euro per Tonne,
AJA05,Fertiliser Price,1984,1984,20,Compound 10-5-25,Euro per Tonne,
AJA05,Fertiliser Price,1984,1984,21,Compound 13-6-20,Euro per Tonne,
AJA05,Fertiliser Price,1984,1984,22,Compound 15-3-20,Euro per Tonne,
AJA05,Fertiliser Price,1984,1984,23,Compound 24-2.2-10,Euro per Tonne,
AJA05,Fertiliser Price,1984,1984,24,Compound 24-2.2-4.5,Euro per Tonne,
AJA05,Fertiliser Price,1984,1984,26,Compound 19-0-15,Euro per Tonne,
AJA05,Fertiliser Price,1984,1984,27,Compound 25-4-0,Euro per Tonne,
AJA05,Fertiliser Price,1985,1985,1,Calcium Ammonium Nitrate (27.5% N),Euro per Tonne,179
AJA05,Fertiliser Price,1985,1985,2,Urea (46% N),Euro per Tonne,242
AJA05,Fertiliser Price,1985,1985,4,Granular Superphosphate (16% P),Euro per Tonne,283
AJA05,Fertiliser Price,1985,1985,6,Muriate of Potash (50% K),Euro per Tonne,194
AJA05,Fertiliser Price,1985,1985,7,Compound 0-10-20,Euro per Tonne,203
AJA05,Fertiliser Price,1985,1985,8,Compound 0-7-30,Euro per Tonne,199
AJA05,Fertiliser Price,1985,1985,9,Compound 7-6-17,Euro per Tonne,259
AJA05,Fertiliser Price,1985,1985,10,Compound 10-10-20,Euro per Tonne,255
AJA05,Fertiliser Price,1985,1985,11,Compound 14-7-14,Euro per Tonne,236
AJA05,Fertiliser Price,1985,1985,12,Compound 18-6-12,Euro per Tonne,235
AJA05,Fertiliser Price,1985,1985,13,Compound 24-2.5-10,Euro per Tonne,232
AJA05,Fertiliser Price,1985,1985,14,Compound 27-2.5-5,Euro per Tonne,227
AJA05,Fertiliser Price,1985,1985,15,Sulphate of Potash (42% K),Euro per Tonne,
AJA05,Fertiliser Price,1985,1985,16,Compound 8-5-18,Euro per Tonne,
AJA05,Fertiliser Price,1985,1985,17,Compound 20-4-10,Euro per Tonne,
AJA05,Fertiliser Price,1985,1985,18,Sulphate of Ammonia (21%),Euro per Tonne,
AJA05,Fertiliser Price,1985,1985,19,Ammonium Sulphate Nitrate (26%),Euro per Tonne,
AJA05,Fertiliser Price,1985,1985,20,Compound 10-5-25,Euro per Tonne,
AJA05,Fertiliser Price,1985,1985,21,Compound 13-6-20,Euro per Tonne,
AJA05,Fertiliser Price,1985,1985,22,Compound 15-3-20,Euro per Tonne,
AJA05,Fertiliser Price,1985,1985,23,Compound 24-2.2-10,Euro per Tonne,
AJA05,Fertiliser Price,1985,1985,24,Compound 24-2.2-4.5,Euro per Tonne,
AJA05,Fertiliser Price,1985,1985,26,Compound 19-0-15,Euro per Tonne,
AJA05,Fertiliser Price,1985,1985,27,Compound 25-4-0,Euro per Tonne,
AJA05,Fertiliser Price,1986,1986,1,Calcium Ammonium Nitrate (27.5% N),Euro per Tonne,154
AJA05,Fertiliser Price,1986,1986,2,Urea (46% N),Euro per Tonne,195
AJA05,Fertiliser Price,1986,1986,4,Granular Superphosphate (16% P),Euro per Tonne,
AJA05,Fertiliser Price,1986,1986,6,Muriate of Potash (50% K),Euro per Tonne,193
AJA05,Fertiliser Price,1986,1986,7,Compound 0-10-20,Euro per Tonne,179
AJA05,Fertiliser Price,1986,1986,8,Compound 0-7-30,Euro per Tonne,178
AJA05,Fertiliser Price,1986,1986,9,Compound 7-6-17,Euro per Tonne,247
AJA05,Fertiliser Price,1986,1986,10,Compound 10-10-20,Euro per Tonne,236
AJA05,Fertiliser Price,1986,1986,11,Compound 14-7-14,Euro per Tonne,219
AJA05,Fertiliser Price,1986,1986,12,Compound 18-6-12,Euro per Tonne,218
AJA05,Fertiliser Price,1986,1986,13,Compound 24-2.5-10,Euro per Tonne,218
AJA05,Fertiliser Price,1986,1986,14,Compound 27-2.5-5,Euro per Tonne,213
AJA05,Fertiliser Price,1986,1986,15,Sulphate of Potash (42% K),Euro per Tonne,
AJA05,Fertiliser Price,1986,1986,16,Compound 8-5-18,Euro per Tonne,
AJA05,Fertiliser Price,1986,1986,17,Compound 20-4-10,Euro per Tonne,
AJA05,Fertiliser Price,1986,1986,18,Sulphate of Ammonia (21%),Euro per Tonne,
AJA05,Fertiliser Price,1986,1986,19,Ammonium Sulphate Nitrate (26%),Euro per Tonne,
AJA05,Fertiliser Price,1986,1986,20,Compound 10-5-25,Euro per Tonne,
AJA05,Fertiliser Price,1986,1986,21,Compound 13-6-20,Euro per Tonne,
AJA05,Fertiliser Price,1986,1986,22,Compound 15-3-20,Euro per Tonne,
AJA05,Fertiliser Price,1986,1986,23,Compound 24-2.2-10,Euro per Tonne,
AJA05,Fertiliser Price,1986,1986,24,Compound 24-2.2-4.5,Euro per Tonne,
AJA05,Fertiliser Price,1986,1986,26,Compound 19-0-15,Euro per Tonne,
AJA05,Fertiliser Price,1986,1986,27,Compound 25-4-0,Euro per Tonne,
AJA05,Fertiliser Price,1987,1987,1,Calcium Ammonium Nitrate (27.5% N),Euro per Tonne,124
AJA05,Fertiliser Price,1987,1987,2,Urea (46% N),Euro per Tonne,140
AJA05,Fertiliser Price,1987,1987,4,Granular Superphosphate (16% P),Euro per Tonne,219
AJA05,Fertiliser Price,1987,1987,6,Muriate of Potash (50% K),Euro per Tonne,
AJA05,Fertiliser Price,1987,1987,7,Compound 0-10-20,Euro per Tonne,149
AJA05,Fertiliser Price,1987,1987,8,Compound 0-7-30,Euro per Tonne,146
AJA05,Fertiliser Price,1987,1987,9,Compound 7-6-17,Euro per Tonne,208
AJA05,Fertiliser Price,1987,1987,10,Compound 10-10-20,Euro per Tonne,181
AJA05,Fertiliser Price,1987,1987,11,Compound 14-7-14,Euro per Tonne,168
AJA05,Fertiliser Price,1987,1987,12,Compound 18-6-12,Euro per Tonne,167
AJA05,Fertiliser Price,1987,1987,13,Compound 24-2.5-10,Euro per Tonne,167
AJA05,Fertiliser Price,1987,1987,14,Compound 27-2.5-5,Euro per Tonne,164
AJA05,Fertiliser Price,1987,1987,15,Sulphate of Potash (42% K),Euro per Tonne,
AJA05,Fertiliser Price,1987,1987,16,Compound 8-5-18,Euro per Tonne,
AJA05,Fertiliser Price,1987,1987,17,Compound 20-4-10,Euro per Tonne,
AJA05,Fertiliser Price,1987,1987,18,Sulphate of Ammonia (21%),Euro per Tonne,
AJA05,Fertiliser Price,1987,1987,19,Ammonium Sulphate Nitrate (26%),Euro per Tonne,
AJA05,Fertiliser Price,1987,1987,20,Compound 10-5-25,Euro per Tonne,
AJA05,Fertiliser Price,1987,1987,21,Compound 13-6-20,Euro per Tonne,
AJA05,Fertiliser Price,1987,1987,22,Compound 15-3-20,Euro per Tonne,
AJA05,Fertiliser Price,1987,1987,23,Compound 24-2.2-10,Euro per Tonne,
AJA05,Fertiliser Price,1987,1987,24,Compound 24-2.2-4.5,Euro per Tonne,
AJA05,Fertiliser Price,1987,1987,26,Compound 19-0-15,Euro per Tonne,
AJA05,Fertiliser Price,1987,1987,27,Compound 25-4-0,Euro per Tonne,
AJA05,Fertiliser Price,1988,1988,1,Calcium Ammonium Nitrate (27.5% N),Euro per Tonne,137
AJA05,Fertiliser Price,1988,1988,2,Urea (46% N),Euro per Tonne,165
AJA05,Fertiliser Price,1988,1988,4,Granular Superphosphate (16% P),Euro per Tonne,
AJA05,Fertiliser Price,1988,1988,6,Muriate of Potash (50% K),Euro per Tonne,
AJA05,Fertiliser Price,1988,1988,7,Compound 0-10-20,Euro per Tonne,163
AJA05,Fertiliser Price,1988,1988,8,Compound 0-7-30,Euro per Tonne,159
AJA05,Fertiliser Price,1988,1988,9,Compound 7-6-17,Euro per Tonne,
AJA05,Fertiliser Price,1988,1988,10,Compound 10-10-20,Euro per Tonne,195
AJA05,Fertiliser Price,1988,1988,11,Compound 14-7-14,Euro per Tonne,187
AJA05,Fertiliser Price,1988,1988,12,Compound 18-6-12,Euro per Tonne,181
AJA05,Fertiliser Price,1988,1988,13,Compound 24-2.5-10,Euro per Tonne,175
AJA05,Fertiliser Price,1988,1988,14,Compound 27-2.5-5,Euro per Tonne,172
AJA05,Fertiliser Price,1988,1988,15,Sulphate of Potash (42% K),Euro per Tonne,
AJA05,Fertiliser Price,1988,1988,16,Compound 8-5-18,Euro per Tonne,
AJA05,Fertiliser Price,1988,1988,17,Compound 20-4-10,Euro per Tonne,
AJA05,Fertiliser Price,1988,1988,18,Sulphate of Ammonia (21%),Euro per Tonne,
AJA05,Fertiliser Price,1988,1988,19,Ammonium Sulphate Nitrate (26%),Euro per Tonne,
AJA05,Fertiliser Price,1988,1988,20,Compound 10-5-25,Euro per Tonne,
AJA05,Fertiliser Price,1988,1988,21,Compound 13-6-20,Euro per Tonne,
AJA05,Fertiliser Price,1988,1988,22,Compound 15-3-20,Euro per Tonne,
AJA05,Fertiliser Price,1988,1988,23,Compound 24-2.2-10,Euro per Tonne,
AJA05,Fertiliser Price,1988,1988,24,Compound 24-2.2-4.5,Euro per Tonne,
AJA05,Fertiliser Price,1988,1988,26,Compound 19-0-15,Euro per Tonne,
AJA05,Fertiliser Price,1988,1988,27,Compound 25-4-0,Euro per Tonne,
AJA05,Fertiliser Price,1989,1989,1,Calcium Ammonium Nitrate (27.5% N),Euro per Tonne,145
AJA05,Fertiliser Price,1989,1989,2,Urea (46% N),Euro per Tonne,189
AJA05,Fertiliser Price,1989,1989,4,Granular Superphosphate (16% P),Euro per Tonne,
AJA05,Fertiliser Price,1989,1989,6,Muriate of Potash (50% K),Euro per Tonne,
AJA05,Fertiliser Price,1989,1989,7,Compound 0-10-20,Euro per Tonne,177
AJA05,Fertiliser Price,1989,1989,8,Compound 0-7-30,Euro per Tonne,174
AJA05,Fertiliser Price,1989,1989,9,Compound 7-6-17,Euro per Tonne,
AJA05,Fertiliser Price,1989,1989,10,Compound 10-10-20,Euro per Tonne,209
AJA05,Fertiliser Price,1989,1989,11,Compound 14-7-14,Euro per Tonne,199
AJA05,Fertiliser Price,1989,1989,12,Compound 18-6-12,Euro per Tonne,196
AJA05,Fertiliser Price,1989,1989,13,Compound 24-2.5-10,Euro per Tonne,191
AJA05,Fertiliser Price,1989,1989,14,Compound 27-2.5-5,Euro per Tonne,187
AJA05,Fertiliser Price,1989,1989,15,Sulphate of Potash (42% K),Euro per Tonne,
AJA05,Fertiliser Price,1989,1989,16,Compound 8-5-18,Euro per Tonne,
AJA05,Fertiliser Price,1989,1989,17,Compound 20-4-10,Euro per Tonne,
AJA05,Fertiliser Price,1989,1989,18,Sulphate of Ammonia (21%),Euro per Tonne,
AJA05,Fertiliser Price,1989,1989,19,Ammonium Sulphate Nitrate (26%),Euro per Tonne,
AJA05,Fertiliser Price,1989,1989,20,Compound 10-5-25,Euro per Tonne,
AJA05,Fertiliser Price,1989,1989,21,Compound 13-6-20,Euro per Tonne,
AJA05,Fertiliser Price,1989,1989,22,Compound 15-3-20,Euro per Tonne,
AJA05,Fertiliser Price,1989,1989,23,Compound 24-2.2-10,Euro per Tonne,
AJA05,Fertiliser Price,1989,1989,24,Compound 24-2.2-4.5,Euro per Tonne,
AJA05,Fertiliser Price,1989,1989,26,Compound 19-0-15,Euro per Tonne,
AJA05,Fertiliser Price,1989,1989,27,Compound 25-4-0,Euro per Tonne,
AJA05,Fertiliser Price,1990,1990,1,Calcium Ammonium Nitrate (27.5% N),Euro per Tonne,143
AJA05,Fertiliser Price,1990,1990,2,Urea (46% N),Euro per Tonne,178
AJA05,Fertiliser Price,1990,1990,4,Granular Superphosphate (16% P),Euro per Tonne,246
AJA05,Fertiliser Price,1990,1990,6,Muriate of Potash (50% K),Euro per Tonne,193
AJA05,Fertiliser Price,1990,1990,7,Compound 0-10-20,Euro per Tonne,174
AJA05,Fertiliser Price,1990,1990,8,Compound 0-7-30,Euro per Tonne,172
AJA05,Fertiliser Price,1990,1990,9,Compound 7-6-17,Euro per Tonne,
AJA05,Fertiliser Price,1990,1990,10,Compound 10-10-20,Euro per Tonne,210
AJA05,Fertiliser Price,1990,1990,11,Compound 14-7-14,Euro per Tonne,199
AJA05,Fertiliser Price,1990,1990,12,Compound 18-6-12,Euro per Tonne,196
AJA05,Fertiliser Price,1990,1990,13,Compound 24-2.5-10,Euro per Tonne,191
AJA05,Fertiliser Price,1990,1990,14,Compound 27-2.5-5,Euro per Tonne,186
AJA05,Fertiliser Price,1990,1990,15,Sulphate of Potash (42% K),Euro per Tonne,
AJA05,Fertiliser Price,1990,1990,16,Compound 8-5-18,Euro per Tonne,
AJA05,Fertiliser Price,1990,1990,17,Compound 20-4-10,Euro per Tonne,
AJA05,Fertiliser Price,1990,1990,18,Sulphate of Ammonia (21%),Euro per Tonne,
AJA05,Fertiliser Price,1990,1990,19,Ammonium Sulphate Nitrate (26%),Euro per Tonne,
AJA05,Fertiliser Price,1990,1990,20,Compound 10-5-25,Euro per Tonne,
AJA05,Fertiliser Price,1990,1990,21,Compound 13-6-20,Euro per Tonne,
AJA05,Fertiliser Price,1990,1990,22,Compound 15-3-20,Euro per Tonne,
AJA05,Fertiliser Price,1990,1990,23,Compound 24-2.2-10,Euro per Tonne,
AJA05,Fertiliser Price,1990,1990,24,Compound 24-2.2-4.5,Euro per Tonne,
AJA05,Fertiliser Price,1990,1990,26,Compound 19-0-15,Euro per Tonne,
AJA05,Fertiliser Price,1990,1990,27,Compound 25-4-0,Euro per Tonne,
AJA05,Fertiliser Price,1991,1991,1,Calcium Ammonium Nitrate (27.5% N),Euro per Tonne,151
AJA05,Fertiliser Price,1991,1991,2,Urea (46% N),Euro per Tonne,199
AJA05,Fertiliser Price,1991,1991,4,Granular Superphosphate (16% P),Euro per Tonne,242
AJA05,Fertiliser Price,1991,1991,6,Muriate of Potash (50% K),Euro per Tonne,194
AJA05,Fertiliser Price,1991,1991,7,Compound 0-10-20,Euro per Tonne,165
AJA05,Fertiliser Price,1991,1991,8,Compound 0-7-30,Euro per Tonne,162
AJA05,Fertiliser Price,1991,1991,9,Compound 7-6-17,Euro per Tonne,
AJA05,Fertiliser Price,1991,1991,10,Compound 10-10-20,Euro per Tonne,209
AJA05,Fertiliser Price,1991,1991,11,Compound 14-7-14,Euro per Tonne,200
AJA05,Fertiliser Price,1991,1991,12,Compound 18-6-12,Euro per Tonne,196
AJA05,Fertiliser Price,1991,1991,13,Compound 24-2.5-10,Euro per Tonne,200
AJA05,Fertiliser Price,1991,1991,14,Compound 27-2.5-5,Euro per Tonne,195
AJA05,Fertiliser Price,1991,1991,15,Sulphate of Potash (42% K),Euro per Tonne,
AJA05,Fertiliser Price,1991,1991,16,Compound 8-5-18,Euro per Tonne,
AJA05,Fertiliser Price,1991,1991,17,Compound 20-4-10,Euro per Tonne,
AJA05,Fertiliser Price,1991,1991,18,Sulphate of Ammonia (21%),Euro per Tonne,
AJA05,Fertiliser Price,1991,1991,19,Ammonium Sulphate Nitrate (26%),Euro per Tonne,
AJA05,Fertiliser Price,1991,1991,20,Compound 10-5-25,Euro per Tonne,
AJA05,Fertiliser Price,1991,1991,21,Compound 13-6-20,Euro per Tonne,
AJA05,Fertiliser Price,1991,1991,22,Compound 15-3-20,Euro per Tonne,
AJA05,Fertiliser Price,1991,1991,23,Compound 24-2.2-10,Euro per Tonne,
AJA05,Fertiliser Price,1991,1991,24,Compound 24-2.2-4.5,Euro per Tonne,
AJA05,Fertiliser Price,1991,1991,26,Compound 19-0-15,Euro per Tonne,
AJA05,Fertiliser Price,1991,1991,27,Compound 25-4-0,Euro per Tonne,
AJA05,Fertiliser Price,1992,1992,1,Calcium Ammonium Nitrate (27.5% N),Euro per Tonne,145
AJA05,Fertiliser Price,1992,1992,2,Urea (46% N),Euro per Tonne,196
AJA05,Fertiliser Price,1992,1992,4,Granular Superphosphate (16% P),Euro per Tonne,240
AJA05,Fertiliser Price,1992,1992,6,Muriate of Potash (50% K),Euro per Tonne,191
AJA05,Fertiliser Price,1992,1992,7,Compound 0-10-20,Euro per Tonne,165
AJA05,Fertiliser Price,1992,1992,8,Compound 0-7-30,Euro per Tonne,163
AJA05,Fertiliser Price,1992,1992,9,Compound 7-6-17,Euro per Tonne,234
AJA05,Fertiliser Price,1992,1992,10,Compound 10-10-20,Euro per Tonne,205
AJA05,Fertiliser Price,1992,1992,11,Compound 14-7-14,Euro per Tonne,200
AJA05,Fertiliser Price,1992,1992,12,Compound 18-6-12,Euro per Tonne,193
AJA05,Fertiliser Price,1992,1992,13,Compound 24-2.5-10,Euro per Tonne,197
AJA05,Fertiliser Price,1992,1992,14,Compound 27-2.5-5,Euro per Tonne,192
AJA05,Fertiliser Price,1992,1992,15,Sulphate of Potash (42% K),Euro per Tonne,
AJA05,Fertiliser Price,1992,1992,16,Compound 8-5-18,Euro per Tonne,
AJA05,Fertiliser Price,1992,1992,17,Compound 20-4-10,Euro per Tonne,
AJA05,Fertiliser Price,1992,1992,18,Sulphate of Ammonia (21%),Euro per Tonne,
AJA05,Fertiliser Price,1992,1992,19,Ammonium Sulphate Nitrate (26%),Euro per Tonne,
AJA05,Fertiliser Price,1992,1992,20,Compound 10-5-25,Euro per Tonne,
AJA05,Fertiliser Price,1992,1992,21,Compound 13-6-20,Euro per Tonne,
AJA05,Fertiliser Price,1992,1992,22,Compound 15-3-20,Euro per Tonne,
AJA05,Fertiliser Price,1992,1992,23,Compound 24-2.2-10,Euro per Tonne,
AJA05,Fertiliser Price,1992,1992,24,Compound 24-2.2-4.5,Euro per Tonne,
AJA05,Fertiliser Price,1992,1992,26,Compound 19-0-15,Euro per Tonne,
AJA05,Fertiliser Price,1992,1992,27,Compound 25-4-0,Euro per Tonne,
AJA05,Fertiliser Price,1993,1993,1,Calcium Ammonium Nitrate (27.5% N),Euro per Tonne,132
AJA05,Fertiliser Price,1993,1993,2,Urea (46% N),Euro per Tonne,182
AJA05,Fertiliser Price,1993,1993,4,Granular Superphosphate (16% P),Euro per Tonne,233
AJA05,Fertiliser Price,1993,1993,6,Muriate of Potash (50% K),Euro per Tonne,187
AJA05,Fertiliser Price,1993,1993,7,Compound 0-10-20,Euro per Tonne,153
AJA05,Fertiliser Price,1993,1993,8,Compound 0-7-30,Euro per Tonne,152
AJA05,Fertiliser Price,1993,1993,9,Compound 7-6-17,Euro per Tonne,227
AJA05,Fertiliser Price,1993,1993,10,Compound 10-10-20,Euro per Tonne,196
AJA05,Fertiliser Price,1993,1993,11,Compound 14-7-14,Euro per Tonne,188
AJA05,Fertiliser Price,1993,1993,12,Compound 18-6-12,Euro per Tonne,183
AJA05,Fertiliser Price,1993,1993,13,Compound 24-2.5-10,Euro per Tonne,186
AJA05,Fertiliser Price,1993,1993,14,Compound 27-2.5-5,Euro per Tonne,181
AJA05,Fertiliser Price,1993,1993,15,Sulphate of Potash (42% K),Euro per Tonne,
AJA05,Fertiliser Price,1993,1993,16,Compound 8-5-18,Euro per Tonne,
AJA05,Fertiliser Price,1993,1993,17,Compound 20-4-10,Euro per Tonne,
AJA05,Fertiliser Price,1993,1993,18,Sulphate of Ammonia (21%),Euro per Tonne,
AJA05,Fertiliser Price,1993,1993,19,Ammonium Sulphate Nitrate (26%),Euro per Tonne,
AJA05,Fertiliser Price,1993,1993,20,Compound 10-5-25,Euro per Tonne,
AJA05,Fertiliser Price,1993,1993,21,Compound 13-6-20,Euro per Tonne,
AJA05,Fertiliser Price,1993,1993,22,Compound 15-3-20,Euro per Tonne,
AJA05,Fertiliser Price,1993,1993,23,Compound 24-2.2-10,Euro per Tonne,
AJA05,Fertiliser Price,1993,1993,24,Compound 24-2.2-4.5,Euro per Tonne,
AJA05,Fertiliser Price,1993,1993,26,Compound 19-0-15,Euro per Tonne,
AJA05,Fertiliser Price,1993,1993,27,Compound 25-4-0,Euro per Tonne,
AJA05,Fertiliser Price,1994,1994,1,Calcium Ammonium Nitrate (27.5% N),Euro per Tonne,137
AJA05,Fertiliser Price,1994,1994,2,Urea (46% N),Euro per Tonne,186
AJA05,Fertiliser Price,1994,1994,4,Granular Superphosphate (16% P),Euro per Tonne,239
AJA05,Fertiliser Price,1994,1994,6,Muriate of Potash (50% K),Euro per Tonne,195
AJA05,Fertiliser Price,1994,1994,7,Compound 0-10-20,Euro per Tonne,162
AJA05,Fertiliser Price,1994,1994,8,Compound 0-7-30,Euro per Tonne,162
AJA05,Fertiliser Price,1994,1994,9,Compound 7-6-17,Euro per Tonne,
AJA05,Fertiliser Price,1994,1994,10,Compound 10-10-20,Euro per Tonne,200
AJA05,Fertiliser Price,1994,1994,11,Compound 14-7-14,Euro per Tonne,192
AJA05,Fertiliser Price,1994,1994,12,Compound 18-6-12,Euro per Tonne,187
AJA05,Fertiliser Price,1994,1994,13,Compound 24-2.5-10,Euro per Tonne,189
AJA05,Fertiliser Price,1994,1994,14,Compound 27-2.5-5,Euro per Tonne,185
AJA05,Fertiliser Price,1994,1994,15,Sulphate of Potash (42% K),Euro per Tonne,
AJA05,Fertiliser Price,1994,1994,16,Compound 8-5-18,Euro per Tonne,
AJA05,Fertiliser Price,1994,1994,17,Compound 20-4-10,Euro per Tonne,
AJA05,Fertiliser Price,1994,1994,18,Sulphate of Ammonia (21%),Euro per Tonne,
AJA05,Fertiliser Price,1994,1994,19,Ammonium Sulphate Nitrate (26%),Euro per Tonne,
AJA05,Fertiliser Price,1994,1994,20,Compound 10-5-25,Euro per Tonne,
AJA05,Fertiliser Price,1994,1994,21,Compound 13-6-20,Euro per Tonne,
AJA05,Fertiliser Price,1994,1994,22,Compound 15-3-20,Euro per Tonne,
AJA05,Fertiliser Price,1994,1994,23,Compound 24-2.2-10,Euro per Tonne,
AJA05,Fertiliser Price,1994,1994,24,Compound 24-2.2-4.5,Euro per Tonne,
AJA05,Fertiliser Price,1994,1994,26,Compound 19-0-15,Euro per Tonne,
AJA05,Fertiliser Price,1994,1994,27,Compound 25-4-0,Euro per Tonne,
AJA05,Fertiliser Price,1995,1995,1,Calcium Ammonium Nitrate (27.5% N),Euro per Tonne,155
AJA05,Fertiliser Price,1995,1995,2,Urea (46% N),Euro per Tonne,201
AJA05,Fertiliser Price,1995,1995,4,Granular Superphosphate (16% P),Euro per Tonne,249
AJA05,Fertiliser Price,1995,1995,6,Muriate of Potash (50% K),Euro per Tonne,206
AJA05,Fertiliser Price,1995,1995,7,Compound 0-10-20,Euro per Tonne,173
AJA05,Fertiliser Price,1995,1995,8,Compound 0-7-30,Euro per Tonne,173
AJA05,Fertiliser Price,1995,1995,9,Compound 7-6-17,Euro per Tonne,
AJA05,Fertiliser Price,1995,1995,10,Compound 10-10-20,Euro per Tonne,219
AJA05,Fertiliser Price,1995,1995,11,Compound 14-7-14,Euro per Tonne,210
AJA05,Fertiliser Price,1995,1995,12,Compound 18-6-12,Euro per Tonne,207
AJA05,Fertiliser Price,1995,1995,13,Compound 24-2.5-10,Euro per Tonne,202
AJA05,Fertiliser Price,1995,1995,14,Compound 27-2.5-5,Euro per Tonne,199
AJA05,Fertiliser Price,1995,1995,15,Sulphate of Potash (42% K),Euro per Tonne,
AJA05,Fertiliser Price,1995,1995,16,Compound 8-5-18,Euro per Tonne,
AJA05,Fertiliser Price,1995,1995,17,Compound 20-4-10,Euro per Tonne,
AJA05,Fertiliser Price,1995,1995,18,Sulphate of Ammonia (21%),Euro per Tonne,
AJA05,Fertiliser Price,1995,1995,19,Ammonium Sulphate Nitrate (26%),Euro per Tonne,
AJA05,Fertiliser Price,1995,1995,20,Compound 10-5-25,Euro per Tonne,
AJA05,Fertiliser Price,1995,1995,21,Compound 13-6-20,Euro per Tonne,
AJA05,Fertiliser Price,1995,1995,22,Compound 15-3-20,Euro per Tonne,
AJA05,Fertiliser Price,1995,1995,23,Compound 24-2.2-10,Euro per Tonne,
AJA05,Fertiliser Price,1995,1995,24,Compound 24-2.2-4.5,Euro per Tonne,
AJA05,Fertiliser Price,1995,1995,26,Compound 19-0-15,Euro per Tonne,
AJA05,Fertiliser Price,1995,1995,27,Compound 25-4-0,Euro per Tonne,
AJA05,Fertiliser Price,1996,1996,1,Calcium Ammonium Nitrate (27.5% N),Euro per Tonne,163
AJA05,Fertiliser Price,1996,1996,2,Urea (46% N),Euro per Tonne,217
AJA05,Fertiliser Price,1996,1996,4,Granular Superphosphate (16% P),Euro per Tonne,256
AJA05,Fertiliser Price,1996,1996,6,Muriate of Potash (50% K),Euro per Tonne,214
AJA05,Fertiliser Price,1996,1996,7,Compound 0-10-20,Euro per Tonne,181
AJA05,Fertiliser Price,1996,1996,8,Compound 0-7-30,Euro per Tonne,181
AJA05,Fertiliser Price,1996,1996,9,Compound 7-6-17,Euro per Tonne,
AJA05,Fertiliser Price,1996,1996,10,Compound 10-10-20,Euro per Tonne,229
AJA05,Fertiliser Price,1996,1996,11,Compound 14-7-14,Euro per Tonne,220
AJA05,Fertiliser Price,1996,1996,12,Compound 18-6-12,Euro per Tonne,216
AJA05,Fertiliser Price,1996,1996,13,Compound 24-2.5-10,Euro per Tonne,216
AJA05,Fertiliser Price,1996,1996,14,Compound 27-2.5-5,Euro per Tonne,211
AJA05,Fertiliser Price,1996,1996,15,Sulphate of Potash (42% K),Euro per Tonne,
AJA05,Fertiliser Price,1996,1996,16,Compound 8-5-18,Euro per Tonne,
AJA05,Fertiliser Price,1996,1996,17,Compound 20-4-10,Euro per Tonne,
AJA05,Fertiliser Price,1996,1996,18,Sulphate of Ammonia (21%),Euro per Tonne,
AJA05,Fertiliser Price,1996,1996,19,Ammonium Sulphate Nitrate (26%),Euro per Tonne,
AJA05,Fertiliser Price,1996,1996,20,Compound 10-5-25,Euro per Tonne,
AJA05,Fertiliser Price,1996,1996,21,Compound 13-6-20,Euro per Tonne,
AJA05,Fertiliser Price,1996,1996,22,Compound 15-3-20,Euro per Tonne,
AJA05,Fertiliser Price,1996,1996,23,Compound 24-2.2-10,Euro per Tonne,
AJA05,Fertiliser Price,1996,1996,24,Compound 24-2.2-4.5,Euro per Tonne,
AJA05,Fertiliser Price,1996,1996,26,Compound 19-0-15,Euro per Tonne,
AJA05,Fertiliser Price,1996,1996,27,Compound 25-4-0,Euro per Tonne,
AJA05,Fertiliser Price,1997,1997,1,Calcium Ammonium Nitrate (27.5% N),Euro per Tonne,150
AJA05,Fertiliser Price,1997,1997,2,Urea (46% N),Euro per Tonne,208
AJA05,Fertiliser Price,1997,1997,4,Granular Superphosphate (16% P),Euro per Tonne,253
AJA05,Fertiliser Price,1997,1997,6,Muriate of Potash (50% K),Euro per Tonne,211
AJA05,Fertiliser Price,1997,1997,7,Compound 0-10-20,Euro per Tonne,173
AJA05,Fertiliser Price,1997,1997,8,Compound 0-7-30,Euro per Tonne,173
AJA05,Fertiliser Price,1997,1997,9,Compound 7-6-17,Euro per Tonne,
AJA05,Fertiliser Price,1997,1997,10,Compound 10-10-20,Euro per Tonne,218
AJA05,Fertiliser Price,1997,1997,11,Compound 14-7-14,Euro per Tonne,211
AJA05,Fertiliser Price,1997,1997,12,Compound 18-6-12,Euro per Tonne,205
AJA05,Fertiliser Price,1997,1997,13,Compound 24-2.5-10,Euro per Tonne,205
AJA05,Fertiliser Price,1997,1997,14,Compound 27-2.5-5,Euro per Tonne,201
AJA05,Fertiliser Price,1997,1997,15,Sulphate of Potash (42% K),Euro per Tonne,
AJA05,Fertiliser Price,1997,1997,16,Compound 8-5-18,Euro per Tonne,
AJA05,Fertiliser Price,1997,1997,17,Compound 20-4-10,Euro per Tonne,
AJA05,Fertiliser Price,1997,1997,18,Sulphate of Ammonia (21%),Euro per Tonne,
AJA05,Fertiliser Price,1997,1997,19,Ammonium Sulphate Nitrate (26%),Euro per Tonne,
AJA05,Fertiliser Price,1997,1997,20,Compound 10-5-25,Euro per Tonne,
AJA05,Fertiliser Price,1997,1997,21,Compound 13-6-20,Euro per Tonne,
AJA05,Fertiliser Price,1997,1997,22,Compound 15-3-20,Euro per Tonne,
AJA05,Fertiliser Price,1997,1997,23,Compound 24-2.2-10,Euro per Tonne,
AJA05,Fertiliser Price,1997,1997,24,Compound 24-2.2-4.5,Euro per Tonne,
AJA05,Fertiliser Price,1997,1997,26,Compound 19-0-15,Euro per Tonne,
AJA05,Fertiliser Price,1997,1997,27,Compound 25-4-0,Euro per Tonne,
AJA05,Fertiliser Price,1998,1998,1,Calcium Ammonium Nitrate (27.5% N),Euro per Tonne,139
AJA05,Fertiliser Price,1998,1998,2,Urea (46% N),Euro per Tonne,193
AJA05,Fertiliser Price,1998,1998,4,Granular Superphosphate (16% P),Euro per Tonne,252
AJA05,Fertiliser Price,1998,1998,6,Muriate of Potash (50% K),Euro per Tonne,209
AJA05,Fertiliser Price,1998,1998,7,Compound 0-10-20,Euro per Tonne,170
AJA05,Fertiliser Price,1998,1998,8,Compound 0-7-30,Euro per Tonne,170
AJA05,Fertiliser Price,1998,1998,9,Compound 7-6-17,Euro per Tonne,
AJA05,Fertiliser Price,1998,1998,10,Compound 10-10-20,Euro per Tonne,213
AJA05,Fertiliser Price,1998,1998,11,Compound 14-7-14,Euro per Tonne,199
AJA05,Fertiliser Price,1998,1998,12,Compound 18-6-12,Euro per Tonne,197
AJA05,Fertiliser Price,1998,1998,13,Compound 24-2.5-10,Euro per Tonne,195
AJA05,Fertiliser Price,1998,1998,14,Compound 27-2.5-5,Euro per Tonne,191
AJA05,Fertiliser Price,1998,1998,15,Sulphate of Potash (42% K),Euro per Tonne,
AJA05,Fertiliser Price,1998,1998,16,Compound 8-5-18,Euro per Tonne,
AJA05,Fertiliser Price,1998,1998,17,Compound 20-4-10,Euro per Tonne,
AJA05,Fertiliser Price,1998,1998,18,Sulphate of Ammonia (21%),Euro per Tonne,
AJA05,Fertiliser Price,1998,1998,19,Ammonium Sulphate Nitrate (26%),Euro per Tonne,
AJA05,Fertiliser Price,1998,1998,20,Compound 10-5-25,Euro per Tonne,
AJA05,Fertiliser Price,1998,1998,21,Compound 13-6-20,Euro per Tonne,
AJA05,Fertiliser Price,1998,1998,22,Compound 15-3-20,Euro per Tonne,
AJA05,Fertiliser Price,1998,1998,23,Compound 24-2.2-10,Euro per Tonne,
AJA05,Fertiliser Price,1998,1998,24,Compound 24-2.2-4.5,Euro per Tonne,
AJA05,Fertiliser Price,1998,1998,26,Compound 19-0-15,Euro per Tonne,
AJA05,Fertiliser Price,1998,1998,27,Compound 25-4-0,Euro per Tonne,
AJA05,Fertiliser Price,1999,1999,1,Calcium Ammonium Nitrate (27.5% N),Euro per Tonne,143
AJA05,Fertiliser Price,1999,1999,2,Urea (46% N),Euro per Tonne,189
AJA05,Fertiliser Price,1999,1999,4,Granular Superphosphate (16% P),Euro per Tonne,261
AJA05,Fertiliser Price,1999,1999,6,Muriate of Potash (50% K),Euro per Tonne,209
AJA05,Fertiliser Price,1999,1999,7,Compound 0-10-20,Euro per Tonne,187
AJA05,Fertiliser Price,1999,1999,8,Compound 0-7-30,Euro per Tonne,186
AJA05,Fertiliser Price,1999,1999,9,Compound 7-6-17,Euro per Tonne,
AJA05,Fertiliser Price,1999,1999,10,Compound 10-10-20,Euro per Tonne,216
AJA05,Fertiliser Price,1999,1999,11,Compound 14-7-14,Euro per Tonne,200
AJA05,Fertiliser Price,1999,1999,12,Compound 18-6-12,Euro per Tonne,198
AJA05,Fertiliser Price,1999,1999,13,Compound 24-2.5-10,Euro per Tonne,198
AJA05,Fertiliser Price,1999,1999,14,Compound 27-2.5-5,Euro per Tonne,193
AJA05,Fertiliser Price,1999,1999,15,Sulphate of Potash (42% K),Euro per Tonne,
AJA05,Fertiliser Price,1999,1999,16,Compound 8-5-18,Euro per Tonne,
AJA05,Fertiliser Price,1999,1999,17,Compound 20-4-10,Euro per Tonne,
AJA05,Fertiliser Price,1999,1999,18,Sulphate of Ammonia (21%),Euro per Tonne,
AJA05,Fertiliser Price,1999,1999,19,Ammonium Sulphate Nitrate (26%),Euro per Tonne,
AJA05,Fertiliser Price,1999,1999,20,Compound 10-5-25,Euro per Tonne,
AJA05,Fertiliser Price,1999,1999,21,Compound 13-6-20,Euro per Tonne,
AJA05,Fertiliser Price,1999,1999,22,Compound 15-3-20,Euro per Tonne,
AJA05,Fertiliser Price,1999,1999,23,Compound 24-2.2-10,Euro per Tonne,
AJA05,Fertiliser Price,1999,1999,24,Compound 24-2.2-4.5,Euro per Tonne,
AJA05,Fertiliser Price,1999,1999,26,Compound 19-0-15,Euro per Tonne,
AJA05,Fertiliser Price,1999,1999,27,Compound 25-4-0,Euro per Tonne,
AJA05,Fertiliser Price,2000,2000,1,Calcium Ammonium Nitrate (27.5% N),Euro per Tonne,164
AJA05,Fertiliser Price,2000,2000,2,Urea (46% N),Euro per Tonne,201
AJA05,Fertiliser Price,2000,2000,4,Granular Superphosphate (16% P),Euro per Tonne,268
AJA05,Fertiliser Price,2000,2000,6,Muriate of Potash (50% K),Euro per Tonne,217
AJA05,Fertiliser Price,2000,2000,7,Compound 0-10-20,Euro per Tonne,192
AJA05,Fertiliser Price,2000,2000,8,Compound 0-7-30,Euro per Tonne,192
AJA05,Fertiliser Price,2000,2000,9,Compound 7-6-17,Euro per Tonne,
AJA05,Fertiliser Price,2000,2000,10,Compound 10-10-20,Euro per Tonne,223
AJA05,Fertiliser Price,2000,2000,11,Compound 14-7-14,Euro per Tonne,207
AJA05,Fertiliser Price,2000,2000,12,Compound 18-6-12,Euro per Tonne,205
AJA05,Fertiliser Price,2000,2000,13,Compound 24-2.5-10,Euro per Tonne,206
AJA05,Fertiliser Price,2000,2000,14,Compound 27-2.5-5,Euro per Tonne,203
AJA05,Fertiliser Price,2000,2000,15,Sulphate of Potash (42% K),Euro per Tonne,
AJA05,Fertiliser Price,2000,2000,16,Compound 8-5-18,Euro per Tonne,
AJA05,Fertiliser Price,2000,2000,17,Compound 20-4-10,Euro per Tonne,
AJA05,Fertiliser Price,2000,2000,18,Sulphate of Ammonia (21%),Euro per Tonne,
AJA05,Fertiliser Price,2000,2000,19,Ammonium Sulphate Nitrate (26%),Euro per Tonne,
AJA05,Fertiliser Price,2000,2000,20,Compound 10-5-25,Euro per Tonne,
AJA05,Fertiliser Price,2000,2000,21,Compound 13-6-20,Euro per Tonne,
AJA05,Fertiliser Price,2000,2000,22,Compound 15-3-20,Euro per Tonne,
AJA05,Fertiliser Price,2000,2000,23,Compound 24-2.2-10,Euro per Tonne,
AJA05,Fertiliser Price,2000,2000,24,Compound 24-2.2-4.5,Euro per Tonne,
AJA05,Fertiliser Price,2000,2000,26,Compound 19-0-15,Euro per Tonne,
AJA05,Fertiliser Price,2000,2000,27,Compound 25-4-0,Euro per Tonne,
AJA05,Fertiliser Price,2001,2001,1,Calcium Ammonium Nitrate (27.5% N),Euro per Tonne,193
AJA05,Fertiliser Price,2001,2001,2,Urea (46% N),Euro per Tonne,241
AJA05,Fertiliser Price,2001,2001,4,Granular Superphosphate (16% P),Euro per Tonne,272
AJA05,Fertiliser Price,2001,2001,6,Muriate of Potash (50% K),Euro per Tonne,225
AJA05,Fertiliser Price,2001,2001,7,Compound 0-10-20,Euro per Tonne,204
AJA05,Fertiliser Price,2001,2001,8,Compound 0-7-30,Euro per Tonne,204
AJA05,Fertiliser Price,2001,2001,9,Compound 7-6-17,Euro per Tonne,
AJA05,Fertiliser Price,2001,2001,10,Compound 10-10-20,Euro per Tonne,249
AJA05,Fertiliser Price,2001,2001,11,Compound 14-7-14,Euro per Tonne,237
AJA05,Fertiliser Price,2001,2001,12,Compound 18-6-12,Euro per Tonne,236
AJA05,Fertiliser Price,2001,2001,13,Compound 24-2.5-10,Euro per Tonne,238
AJA05,Fertiliser Price,2001,2001,14,Compound 27-2.5-5,Euro per Tonne,235
AJA05,Fertiliser Price,2001,2001,15,Sulphate of Potash (42% K),Euro per Tonne,
AJA05,Fertiliser Price,2001,2001,16,Compound 8-5-18,Euro per Tonne,
AJA05,Fertiliser Price,2001,2001,17,Compound 20-4-10,Euro per Tonne,
AJA05,Fertiliser Price,2001,2001,18,Sulphate of Ammonia (21%),Euro per Tonne,
AJA05,Fertiliser Price,2001,2001,19,Ammonium Sulphate Nitrate (26%),Euro per Tonne,
AJA05,Fertiliser Price,2001,2001,20,Compound 10-5-25,Euro per Tonne,
AJA05,Fertiliser Price,2001,2001,21,Compound 13-6-20,Euro per Tonne,
AJA05,Fertiliser Price,2001,2001,22,Compound 15-3-20,Euro per Tonne,
AJA05,Fertiliser Price,2001,2001,23,Compound 24-2.2-10,Euro per Tonne,
AJA05,Fertiliser Price,2001,2001,24,Compound 24-2.2-4.5,Euro per Tonne,
AJA05,Fertiliser Price,2001,2001,26,Compound 19-0-15,Euro per Tonne,
AJA05,Fertiliser Price,2001,2001,27,Compound 25-4-0,Euro per Tonne,
AJA05,Fertiliser Price,2002,2002,1,Calcium Ammonium Nitrate (27.5% N),Euro per Tonne,188
AJA05,Fertiliser Price,2002,2002,2,Urea (46% N),Euro per Tonne,235
AJA05,Fertiliser Price,2002,2002,4,Granular Superphosphate (16% P),Euro per Tonne,268
AJA05,Fertiliser Price,2002,2002,6,Muriate of Potash (50% K),Euro per Tonne,222
AJA05,Fertiliser Price,2002,2002,7,Compound 0-10-20,Euro per Tonne,201
AJA05,Fertiliser Price,2002,2002,8,Compound 0-7-30,Euro per Tonne,201
AJA05,Fertiliser Price,2002,2002,9,Compound 7-6-17,Euro per Tonne,
AJA05,Fertiliser Price,2002,2002,10,Compound 10-10-20,Euro per Tonne,244
AJA05,Fertiliser Price,2002,2002,11,Compound 14-7-14,Euro per Tonne,236
AJA05,Fertiliser Price,2002,2002,12,Compound 18-6-12,Euro per Tonne,231
AJA05,Fertiliser Price,2002,2002,13,Compound 24-2.5-10,Euro per Tonne,233
AJA05,Fertiliser Price,2002,2002,14,Compound 27-2.5-5,Euro per Tonne,229
AJA05,Fertiliser Price,2002,2002,15,Sulphate of Potash (42% K),Euro per Tonne,
AJA05,Fertiliser Price,2002,2002,16,Compound 8-5-18,Euro per Tonne,
AJA05,Fertiliser Price,2002,2002,17,Compound 20-4-10,Euro per Tonne,
AJA05,Fertiliser Price,2002,2002,18,Sulphate of Ammonia (21%),Euro per Tonne,
AJA05,Fertiliser Price,2002,2002,19,Ammonium Sulphate Nitrate (26%),Euro per Tonne,
AJA05,Fertiliser Price,2002,2002,20,Compound 10-5-25,Euro per Tonne,
AJA05,Fertiliser Price,2002,2002,21,Compound 13-6-20,Euro per Tonne,
AJA05,Fertiliser Price,2002,2002,22,Compound 15-3-20,Euro per Tonne,
AJA05,Fertiliser Price,2002,2002,23,Compound 24-2.2-10,Euro per Tonne,
AJA05,Fertiliser Price,2002,2002,24,Compound 24-2.2-4.5,Euro per Tonne,
AJA05,Fertiliser Price,2002,2002,26,Compound 19-0-15,Euro per Tonne,
AJA05,Fertiliser Price,2002,2002,27,Compound 25-4-0,Euro per Tonne,
AJA05,Fertiliser Price,2003,2003,1,Calcium Ammonium Nitrate (27.5% N),Euro per Tonne,191
AJA05,Fertiliser Price,2003,2003,2,Urea (46% N),Euro per Tonne,240
AJA05,Fertiliser Price,2003,2003,4,Granular Superphosphate (16% P),Euro per Tonne,268
AJA05,Fertiliser Price,2003,2003,6,Muriate of Potash (50% K),Euro per Tonne,232
AJA05,Fertiliser Price,2003,2003,7,Compound 0-10-20,Euro per Tonne,206
AJA05,Fertiliser Price,2003,2003,8,Compound 0-7-30,Euro per Tonne,206
AJA05,Fertiliser Price,2003,2003,9,Compound 7-6-17,Euro per Tonne,
AJA05,Fertiliser Price,2003,2003,10,Compound 10-10-20,Euro per Tonne,249
AJA05,Fertiliser Price,2003,2003,11,Compound 14-7-14,Euro per Tonne,239
AJA05,Fertiliser Price,2003,2003,12,Compound 18-6-12,Euro per Tonne,236
AJA05,Fertiliser Price,2003,2003,13,Compound 24-2.5-10,Euro per Tonne,238
AJA05,Fertiliser Price,2003,2003,14,Compound 27-2.5-5,Euro per Tonne,234
AJA05,Fertiliser Price,2003,2003,15,Sulphate of Potash (42% K),Euro per Tonne,
AJA05,Fertiliser Price,2003,2003,16,Compound 8-5-18,Euro per Tonne,
AJA05,Fertiliser Price,2003,2003,17,Compound 20-4-10,Euro per Tonne,
AJA05,Fertiliser Price,2003,2003,18,Sulphate of Ammonia (21%),Euro per Tonne,
AJA05,Fertiliser Price,2003,2003,19,Ammonium Sulphate Nitrate (26%),Euro per Tonne,
AJA05,Fertiliser Price,2003,2003,20,Compound 10-5-25,Euro per Tonne,
AJA05,Fertiliser Price,2003,2003,21,Compound 13-6-20,Euro per Tonne,
AJA05,Fertiliser Price,2003,2003,22,Compound 15-3-20,Euro per Tonne,
AJA05,Fertiliser Price,2003,2003,23,Compound 24-2.2-10,Euro per Tonne,
AJA05,Fertiliser Price,2003,2003,24,Compound 24-2.2-4.5,Euro per Tonne,
AJA05,Fertiliser Price,2003,2003,26,Compound 19-0-15,Euro per Tonne,
AJA05,Fertiliser Price,2003,2003,27,Compound 25-4-0,Euro per Tonne,
AJA05,Fertiliser Price,2004,2004,1,Calcium Ammonium Nitrate (27.5% N),Euro per Tonne,201
AJA05,Fertiliser Price,2004,2004,2,Urea (46% N),Euro per Tonne,261
AJA05,Fertiliser Price,2004,2004,4,Granular Superphosphate (16% P),Euro per Tonne,275
AJA05,Fertiliser Price,2004,2004,6,Muriate of Potash (50% K),Euro per Tonne,231
AJA05,Fertiliser Price,2004,2004,7,Compound 0-10-20,Euro per Tonne,208
AJA05,Fertiliser Price,2004,2004,8,Compound 0-7-30,Euro per Tonne,208
AJA05,Fertiliser Price,2004,2004,9,Compound 7-6-17,Euro per Tonne,
AJA05,Fertiliser Price,2004,2004,10,Compound 10-10-20,Euro per Tonne,253
AJA05,Fertiliser Price,2004,2004,11,Compound 14-7-14,Euro per Tonne,246
AJA05,Fertiliser Price,2004,2004,12,Compound 18-6-12,Euro per Tonne,240
AJA05,Fertiliser Price,2004,2004,13,Compound 24-2.5-10,Euro per Tonne,241
AJA05,Fertiliser Price,2004,2004,14,Compound 27-2.5-5,Euro per Tonne,238
AJA05,Fertiliser Price,2004,2004,15,Sulphate of Potash (42% K),Euro per Tonne,
AJA05,Fertiliser Price,2004,2004,16,Compound 8-5-18,Euro per Tonne,
AJA05,Fertiliser Price,2004,2004,17,Compound 20-4-10,Euro per Tonne,
AJA05,Fertiliser Price,2004,2004,18,Sulphate of Ammonia (21%),Euro per Tonne,
AJA05,Fertiliser Price,2004,2004,19,Ammonium Sulphate Nitrate (26%),Euro per Tonne,
AJA05,Fertiliser Price,2004,2004,20,Compound 10-5-25,Euro per Tonne,
AJA05,Fertiliser Price,2004,2004,21,Compound 13-6-20,Euro per Tonne,
AJA05,Fertiliser Price,2004,2004,22,Compound 15-3-20,Euro per Tonne,
AJA05,Fertiliser Price,2004,2004,23,Compound 24-2.2-10,Euro per Tonne,
AJA05,Fertiliser Price,2004,2004,24,Compound 24-2.2-4.5,Euro per Tonne,
AJA05,Fertiliser Price,2004,2004,26,Compound 19-0-15,Euro per Tonne,
AJA05,Fertiliser Price,2004,2004,27,Compound 25-4-0,Euro per Tonne,
AJA05,Fertiliser Price,2005,2005,1,Calcium Ammonium Nitrate (27.5% N),Euro per Tonne,218
AJA05,Fertiliser Price,2005,2005,2,Urea (46% N),Euro per Tonne,288
AJA05,Fertiliser Price,2005,2005,4,Granular Superphosphate (16% P),Euro per Tonne,278
AJA05,Fertiliser Price,2005,2005,6,Muriate of Potash (50% K),Euro per Tonne,230
AJA05,Fertiliser Price,2005,2005,7,Compound 0-10-20,Euro per Tonne,214
AJA05,Fertiliser Price,2005,2005,8,Compound 0-7-30,Euro per Tonne,213
AJA05,Fertiliser Price,2005,2005,9,Compound 7-6-17,Euro per Tonne,
AJA05,Fertiliser Price,2005,2005,10,Compound 10-10-20,Euro per Tonne,269
AJA05,Fertiliser Price,2005,2005,11,Compound 14-7-14,Euro per Tonne,259
AJA05,Fertiliser Price,2005,2005,12,Compound 18-6-12,Euro per Tonne,255
AJA05,Fertiliser Price,2005,2005,13,Compound 24-2.5-10,Euro per Tonne,258
AJA05,Fertiliser Price,2005,2005,14,Compound 27-2.5-5,Euro per Tonne,254
AJA05,Fertiliser Price,2005,2005,15,Sulphate of Potash (42% K),Euro per Tonne,
AJA05,Fertiliser Price,2005,2005,16,Compound 8-5-18,Euro per Tonne,
AJA05,Fertiliser Price,2005,2005,17,Compound 20-4-10,Euro per Tonne,
AJA05,Fertiliser Price,2005,2005,18,Sulphate of Ammonia (21%),Euro per Tonne,
AJA05,Fertiliser Price,2005,2005,19,Ammonium Sulphate Nitrate (26%),Euro per Tonne,
AJA05,Fertiliser Price,2005,2005,20,Compound 10-5-25,Euro per Tonne,
AJA05,Fertiliser Price,2005,2005,21,Compound 13-6-20,Euro per Tonne,
AJA05,Fertiliser Price,2005,2005,22,Compound 15-3-20,Euro per Tonne,
AJA05,Fertiliser Price,2005,2005,23,Compound 24-2.2-10,Euro per Tonne,
AJA05,Fertiliser Price,2005,2005,24,Compound 24-2.2-4.5,Euro per Tonne,
AJA05,Fertiliser Price,2005,2005,26,Compound 19-0-15,Euro per Tonne,
AJA05,Fertiliser Price,2005,2005,27,Compound 25-4-0,Euro per Tonne,
AJA05,Fertiliser Price,2006,2006,1,Calcium Ammonium Nitrate (27.5% N),Euro per Tonne,227
AJA05,Fertiliser Price,2006,2006,2,Urea (46% N),Euro per Tonne,310
AJA05,Fertiliser Price,2006,2006,4,Granular Superphosphate (16% P),Euro per Tonne,286
AJA05,Fertiliser Price,2006,2006,6,Muriate of Potash (50% K),Euro per Tonne,247
AJA05,Fertiliser Price,2006,2006,7,Compound 0-10-20,Euro per Tonne,226
AJA05,Fertiliser Price,2006,2006,8,Compound 0-7-30,Euro per Tonne,225
AJA05,Fertiliser Price,2006,2006,9,Compound 7-6-17,Euro per Tonne,
AJA05,Fertiliser Price,2006,2006,10,Compound 10-10-20,Euro per Tonne,283
AJA05,Fertiliser Price,2006,2006,11,Compound 14-7-14,Euro per Tonne,276
AJA05,Fertiliser Price,2006,2006,12,Compound 18-6-12,Euro per Tonne,271
AJA05,Fertiliser Price,2006,2006,13,Compound 24-2.5-10,Euro per Tonne,274
AJA05,Fertiliser Price,2006,2006,14,Compound 27-2.5-5,Euro per Tonne,272
AJA05,Fertiliser Price,2006,2006,15,Sulphate of Potash (42% K),Euro per Tonne,
AJA05,Fertiliser Price,2006,2006,16,Compound 8-5-18,Euro per Tonne,
AJA05,Fertiliser Price,2006,2006,17,Compound 20-4-10,Euro per Tonne,
AJA05,Fertiliser Price,2006,2006,18,Sulphate of Ammonia (21%),Euro per Tonne,
AJA05,Fertiliser Price,2006,2006,19,Ammonium Sulphate Nitrate (26%),Euro per Tonne,
AJA05,Fertiliser Price,2006,2006,20,Compound 10-5-25,Euro per Tonne,
AJA05,Fertiliser Price,2006,2006,21,Compound 13-6-20,Euro per Tonne,
AJA05,Fertiliser Price,2006,2006,22,Compound 15-3-20,Euro per Tonne,
AJA05,Fertiliser Price,2006,2006,23,Compound 24-2.2-10,Euro per Tonne,
AJA05,Fertiliser Price,2006,2006,24,Compound 24-2.2-4.5,Euro per Tonne,
AJA05,Fertiliser Price,2006,2006,26,Compound 19-0-15,Euro per Tonne,
AJA05,Fertiliser Price,2006,2006,27,Compound 25-4-0,Euro per Tonne,
AJA05,Fertiliser Price,2007,2007,1,Calcium Ammonium Nitrate (27.5% N),Euro per Tonne,233.99
AJA05,Fertiliser Price,2007,2007,2,Urea (46% N),Euro per Tonne,313.26
AJA05,Fertiliser Price,2007,2007,4,Granular Superphosphate (16% P),Euro per Tonne,
AJA05,Fertiliser Price,2007,2007,6,Muriate of Potash (50% K),Euro per Tonne,265.16
AJA05,Fertiliser Price,2007,2007,7,Compound 0-10-20,Euro per Tonne,246.85
AJA05,Fertiliser Price,2007,2007,8,Compound 0-7-30,Euro per Tonne,244.83
AJA05,Fertiliser Price,2007,2007,9,Compound 7-6-17,Euro per Tonne,305.85
AJA05,Fertiliser Price,2007,2007,10,Compound 10-10-20,Euro per Tonne,294.1
AJA05,Fertiliser Price,2007,2007,11,Compound 14-7-14,Euro per Tonne,291.69
AJA05,Fertiliser Price,2007,2007,12,Compound 18-6-12,Euro per Tonne,277.96
AJA05,Fertiliser Price,2007,2007,13,Compound 24-2.5-10,Euro per Tonne,281.33
AJA05,Fertiliser Price,2007,2007,14,Compound 27-2.5-5,Euro per Tonne,277.87
AJA05,Fertiliser Price,2007,2007,15,Sulphate of Potash (42% K),Euro per Tonne,
AJA05,Fertiliser Price,2007,2007,16,Compound 8-5-18,Euro per Tonne,283.63
AJA05,Fertiliser Price,2007,2007,17,Compound 20-4-10,Euro per Tonne,267.91
AJA05,Fertiliser Price,2007,2007,18,Sulphate of Ammonia (21%),Euro per Tonne,
AJA05,Fertiliser Price,2007,2007,19,Ammonium Sulphate Nitrate (26%),Euro per Tonne,
AJA05,Fertiliser Price,2007,2007,20,Compound 10-5-25,Euro per Tonne,
AJA05,Fertiliser Price,2007,2007,21,Compound 13-6-20,Euro per Tonne,
AJA05,Fertiliser Price,2007,2007,22,Compound 15-3-20,Euro per Tonne,
AJA05,Fertiliser Price,2007,2007,23,Compound 24-2.2-10,Euro per Tonne,
AJA05,Fertiliser Price,2007,2007,24,Compound 24-2.2-4.5,Euro per Tonne,
AJA05,Fertiliser Price,2007,2007,26,Compound 19-0-15,Euro per Tonne,
AJA05,Fertiliser Price,2007,2007,27,Compound 25-4-0,Euro per Tonne,264.39
AJA05,Fertiliser Price,2008,2008,1,Calcium Ammonium Nitrate (27.5% N),Euro per Tonne,376.5
AJA05,Fertiliser Price,2008,2008,2,Urea (46% N),Euro per Tonne,442.95
AJA05,Fertiliser Price,2008,2008,4,Granular Superphosphate (16% P),Euro per Tonne,
AJA05,Fertiliser Price,2008,2008,6,Muriate of Potash (50% K),Euro per Tonne,507.35
AJA05,Fertiliser Price,2008,2008,7,Compound 0-10-20,Euro per Tonne,496.18
AJA05,Fertiliser Price,2008,2008,8,Compound 0-7-30,Euro per Tonne,492.99
AJA05,Fertiliser Price,2008,2008,9,Compound 7-6-17,Euro per Tonne,503.53
AJA05,Fertiliser Price,2008,2008,10,Compound 10-10-20,Euro per Tonne,525.73
AJA05,Fertiliser Price,2008,2008,11,Compound 14-7-14,Euro per Tonne,495.39
AJA05,Fertiliser Price,2008,2008,12,Compound 18-6-12,Euro per Tonne,482.54
AJA05,Fertiliser Price,2008,2008,13,Compound 24-2.5-10,Euro per Tonne,482.29
AJA05,Fertiliser Price,2008,2008,14,Compound 27-2.5-5,Euro per Tonne,472.67
AJA05,Fertiliser Price,2008,2008,15,Sulphate of Potash (42% K),Euro per Tonne,746.38
AJA05,Fertiliser Price,2008,2008,16,Compound 8-5-18,Euro per Tonne,493.5
AJA05,Fertiliser Price,2008,2008,17,Compound 20-4-10,Euro per Tonne,476.07
AJA05,Fertiliser Price,2008,2008,18,Sulphate of Ammonia (21%),Euro per Tonne,
AJA05,Fertiliser Price,2008,2008,19,Ammonium Sulphate Nitrate (26%),Euro per Tonne,
AJA05,Fertiliser Price,2008,2008,20,Compound 10-5-25,Euro per Tonne,
AJA05,Fertiliser Price,2008,2008,21,Compound 13-6-20,Euro per Tonne,
AJA05,Fertiliser Price,2008,2008,22,Compound 15-3-20,Euro per Tonne,
AJA05,Fertiliser Price,2008,2008,23,Compound 24-2.2-10,Euro per Tonne,
AJA05,Fertiliser Price,2008,2008,24,Compound 24-2.2-4.5,Euro per Tonne,
AJA05,Fertiliser Price,2008,2008,26,Compound 19-0-15,Euro per Tonne,
AJA05,Fertiliser Price,2008,2008,27,Compound 25-4-0,Euro per Tonne,468.24
AJA05,Fertiliser Price,2009,2009,1,Calcium Ammonium Nitrate (27.5% N),Euro per Tonne,267.06
AJA05,Fertiliser Price,2009,2009,2,Urea (46% N),Euro per Tonne,376.95
AJA05,Fertiliser Price,2009,2009,4,Granular Superphosphate (16% P),Euro per Tonne,
AJA05,Fertiliser Price,2009,2009,6,Muriate of Potash (50% K),Euro per Tonne,644.21
AJA05,Fertiliser Price,2009,2009,7,Compound 0-10-20,Euro per Tonne,492.17
AJA05,Fertiliser Price,2009,2009,8,Compound 0-7-30,Euro per Tonne,527.48
AJA05,Fertiliser Price,2009,2009,9,Compound 7-6-17,Euro per Tonne,525.85
AJA05,Fertiliser Price,2009,2009,10,Compound 10-10-20,Euro per Tonne,471.53
AJA05,Fertiliser Price,2009,2009,11,Compound 14-7-14,Euro per Tonne,429.53
AJA05,Fertiliser Price,2009,2009,12,Compound 18-6-12,Euro per Tonne,399.22
AJA05,Fertiliser Price,2009,2009,13,Compound 24-2.5-10,Euro per Tonne,399
AJA05,Fertiliser Price,2009,2009,14,Compound 27-2.5-5,Euro per Tonne,388.93
AJA05,Fertiliser Price,2009,2009,15,Sulphate of Potash (42% K),Euro per Tonne,793.61
AJA05,Fertiliser Price,2009,2009,16,Compound 8-5-18,Euro per Tonne,429.62
AJA05,Fertiliser Price,2009,2009,17,Compound 20-4-10,Euro per Tonne,397.65
AJA05,Fertiliser Price,2009,2009,18,Sulphate of Ammonia (21%),Euro per Tonne,
AJA05,Fertiliser Price,2009,2009,19,Ammonium Sulphate Nitrate (26%),Euro per Tonne,
AJA05,Fertiliser Price,2009,2009,20,Compound 10-5-25,Euro per Tonne,
AJA05,Fertiliser Price,2009,2009,21,Compound 13-6-20,Euro per Tonne,
AJA05,Fertiliser Price,2009,2009,22,Compound 15-3-20,Euro per Tonne,
AJA05,Fertiliser Price,2009,2009,23,Compound 24-2.2-10,Euro per Tonne,
AJA05,Fertiliser Price,2009,2009,24,Compound 24-2.2-4.5,Euro per Tonne,
AJA05,Fertiliser Price,2009,2009,26,Compound 19-0-15,Euro per Tonne,
AJA05,Fertiliser Price,2009,2009,27,Compound 25-4-0,Euro per Tonne,384.98
AJA05,Fertiliser Price,2010,2010,1,Calcium Ammonium Nitrate (27.5% N),Euro per Tonne,252.16
AJA05,Fertiliser Price,2010,2010,2,Urea (46% N),Euro per Tonne,329.97
AJA05,Fertiliser Price,2010,2010,4,Granular Superphosphate (16% P),Euro per Tonne,
AJA05,Fertiliser Price,2010,2010,6,Muriate of Potash (50% K),Euro per Tonne,448.1
AJA05,Fertiliser Price,2010,2010,7,Compound 0-10-20,Euro per Tonne,367.69
AJA05,Fertiliser Price,2010,2010,8,Compound 0-7-30,Euro per Tonne,401.41
AJA05,Fertiliser Price,2010,2010,9,Compound 7-6-17,Euro per Tonne,436.13
AJA05,Fertiliser Price,2010,2010,10,Compound 10-10-20,Euro per Tonne,402.15
AJA05,Fertiliser Price,2010,2010,11,Compound 14-7-14,Euro per Tonne,360.85
AJA05,Fertiliser Price,2010,2010,12,Compound 18-6-12,Euro per Tonne,349.66
AJA05,Fertiliser Price,2010,2010,13,Compound 24-2.5-10,Euro per Tonne,354.99
AJA05,Fertiliser Price,2010,2010,14,Compound 27-2.5-5,Euro per Tonne,342.35
AJA05,Fertiliser Price,2010,2010,15,Sulphate of Potash (42% K),Euro per Tonne,
AJA05,Fertiliser Price,2010,2010,16,Compound 8-5-18,Euro per Tonne,357.27
AJA05,Fertiliser Price,2010,2010,17,Compound 20-4-10,Euro per Tonne,341.88
AJA05,Fertiliser Price,2010,2010,18,Sulphate of Ammonia (21%),Euro per Tonne,
AJA05,Fertiliser Price,2010,2010,19,Ammonium Sulphate Nitrate (26%),Euro per Tonne,
AJA05,Fertiliser Price,2010,2010,20,Compound 10-5-25,Euro per Tonne,
AJA05,Fertiliser Price,2010,2010,21,Compound 13-6-20,Euro per Tonne,
AJA05,Fertiliser Price,2010,2010,22,Compound 15-3-20,Euro per Tonne,
AJA05,Fertiliser Price,2010,2010,23,Compound 24-2.2-10,Euro per Tonne,
AJA05,Fertiliser Price,2010,2010,24,Compound 24-2.2-4.5,Euro per Tonne,
AJA05,Fertiliser Price,2010,2010,26,Compound 19-0-15,Euro per Tonne,
AJA05,Fertiliser Price,2010,2010,27,Compound 25-4-0,Euro per Tonne,338.84
AJA05,Fertiliser Price,2011,2011,1,Calcium Ammonium Nitrate (27.5% N),Euro per Tonne,326.49
AJA05,Fertiliser Price,2011,2011,2,Urea (46% N),Euro per Tonne,404.01
AJA05,Fertiliser Price,2011,2011,4,Granular Superphosphate (16% P),Euro per Tonne,
AJA05,Fertiliser Price,2011,2011,6,Muriate of Potash (50% K),Euro per Tonne,460.44
AJA05,Fertiliser Price,2011,2011,7,Compound 0-10-20,Euro per Tonne,425.42
AJA05,Fertiliser Price,2011,2011,8,Compound 0-7-30,Euro per Tonne,433.07
AJA05,Fertiliser Price,2011,2011,9,Compound 7-6-17,Euro per Tonne,489.57
AJA05,Fertiliser Price,2011,2011,10,Compound 10-10-20,Euro per Tonne,472.41
AJA05,Fertiliser Price,2011,2011,11,Compound 14-7-14,Euro per Tonne,434
AJA05,Fertiliser Price,2011,2011,12,Compound 18-6-12,Euro per Tonne,425.14
AJA05,Fertiliser Price,2011,2011,13,Compound 24-2.5-10,Euro per Tonne,431.45
AJA05,Fertiliser Price,2011,2011,14,Compound 27-2.5-5,Euro per Tonne,420.24
AJA05,Fertiliser Price,2011,2011,15,Sulphate of Potash (42% K),Euro per Tonne,
AJA05,Fertiliser Price,2011,2011,16,Compound 8-5-18,Euro per Tonne,437.4
AJA05,Fertiliser Price,2011,2011,17,Compound 20-4-10,Euro per Tonne,416.67
AJA05,Fertiliser Price,2011,2011,18,Sulphate of Ammonia (21%),Euro per Tonne,
AJA05,Fertiliser Price,2011,2011,19,Ammonium Sulphate Nitrate (26%),Euro per Tonne,
AJA05,Fertiliser Price,2011,2011,20,Compound 10-5-25,Euro per Tonne,
AJA05,Fertiliser Price,2011,2011,21,Compound 13-6-20,Euro per Tonne,
AJA05,Fertiliser Price,2011,2011,22,Compound 15-3-20,Euro per Tonne,
AJA05,Fertiliser Price,2011,2011,23,Compound 24-2.2-10,Euro per Tonne,
AJA05,Fertiliser Price,2011,2011,24,Compound 24-2.2-4.5,Euro per Tonne,
AJA05,Fertiliser Price,2011,2011,26,Compound 19-0-15,Euro per Tonne,
AJA05,Fertiliser Price,2011,2011,27,Compound 25-4-0,Euro per Tonne,418.96
AJA05,Fertiliser Price,2012,2012,1,Calcium Ammonium Nitrate (27.5% N),Euro per Tonne,331.27
AJA05,Fertiliser Price,2012,2012,2,Urea (46% N),Euro per Tonne,435.69
AJA05,Fertiliser Price,2012,2012,4,Granular Superphosphate (16% P),Euro per Tonne,460.89
AJA05,Fertiliser Price,2012,2012,6,Muriate of Potash (50% K),Euro per Tonne,459.9
AJA05,Fertiliser Price,2012,2012,7,Compound 0-10-20,Euro per Tonne,453.11
AJA05,Fertiliser Price,2012,2012,8,Compound 0-7-30,Euro per Tonne,453.65
AJA05,Fertiliser Price,2012,2012,9,Compound 7-6-17,Euro per Tonne,505.23
AJA05,Fertiliser Price,2012,2012,10,Compound 10-10-20,Euro per Tonne,490.48
AJA05,Fertiliser Price,2012,2012,11,Compound 14-7-14,Euro per Tonne,458.48
AJA05,Fertiliser Price,2012,2012,12,Compound 18-6-12,Euro per Tonne,444.25
AJA05,Fertiliser Price,2012,2012,13,Compound 24-2.5-10,Euro per Tonne,438.42
AJA05,Fertiliser Price,2012,2012,14,Compound 27-2.5-5,Euro per Tonne,433.08
AJA05,Fertiliser Price,2012,2012,15,Sulphate of Potash (42% K),Euro per Tonne,
AJA05,Fertiliser Price,2012,2012,16,Compound 8-5-18,Euro per Tonne,450.6
AJA05,Fertiliser Price,2012,2012,17,Compound 20-4-10,Euro per Tonne,435.31
AJA05,Fertiliser Price,2012,2012,18,Sulphate of Ammonia (21%),Euro per Tonne,
AJA05,Fertiliser Price,2012,2012,19,Ammonium Sulphate Nitrate (26%),Euro per Tonne,
AJA05,Fertiliser Price,2012,2012,20,Compound 10-5-25,Euro per Tonne,
AJA05,Fertiliser Price,2012,2012,21,Compound 13-6-20,Euro per Tonne,
AJA05,Fertiliser Price,2012,2012,22,Compound 15-3-20,Euro per Tonne,
AJA05,Fertiliser Price,2012,2012,23,Compound 24-2.2-10,Euro per Tonne,
AJA05,Fertiliser Price,2012,2012,24,Compound 24-2.2-4.5,Euro per Tonne,387.29
AJA05,Fertiliser Price,2012,2012,26,Compound 19-0-15,Euro per Tonne,413.91
AJA05,Fertiliser Price,2012,2012,27,Compound 25-4-0,Euro per Tonne,436.67
AJA05,Fertiliser Price,2013,2013,1,Calcium Ammonium Nitrate (27.5% N),Euro per Tonne,328.6
AJA05,Fertiliser Price,2013,2013,2,Urea (46% N),Euro per Tonne,440.27
AJA05,Fertiliser Price,2013,2013,4,Granular Superphosphate (16% P),Euro per Tonne,457.47
AJA05,Fertiliser Price,2013,2013,6,Muriate of Potash (50% K),Euro per Tonne,454.42
AJA05,Fertiliser Price,2013,2013,7,Compound 0-10-20,Euro per Tonne,447.42
AJA05,Fertiliser Price,2013,2013,8,Compound 0-7-30,Euro per Tonne,450.94
AJA05,Fertiliser Price,2013,2013,9,Compound 7-6-17,Euro per Tonne,493.53
AJA05,Fertiliser Price,2013,2013,10,Compound 10-10-20,Euro per Tonne,479.61
AJA05,Fertiliser Price,2013,2013,11,Compound 14-7-14,Euro per Tonne,440.46
AJA05,Fertiliser Price,2013,2013,12,Compound 18-6-12,Euro per Tonne,439.13
AJA05,Fertiliser Price,2013,2013,13,Compound 24-2.5-10,Euro per Tonne,442.56
AJA05,Fertiliser Price,2013,2013,14,Compound 27-2.5-5,Euro per Tonne,434.21
AJA05,Fertiliser Price,2013,2013,15,Sulphate of Potash (42% K),Euro per Tonne,541
AJA05,Fertiliser Price,2013,2013,16,Compound 8-5-18,Euro per Tonne,444.39
AJA05,Fertiliser Price,2013,2013,17,Compound 20-4-10,Euro per Tonne,420.71
AJA05,Fertiliser Price,2013,2013,18,Sulphate of Ammonia (21%),Euro per Tonne,344.81
AJA05,Fertiliser Price,2013,2013,19,Ammonium Sulphate Nitrate (26%),Euro per Tonne,347.8
AJA05,Fertiliser Price,2013,2013,20,Compound 10-5-25,Euro per Tonne,
AJA05,Fertiliser Price,2013,2013,21,Compound 13-6-20,Euro per Tonne,440.06
AJA05,Fertiliser Price,2013,2013,22,Compound 15-3-20,Euro per Tonne,
AJA05,Fertiliser Price,2013,2013,23,Compound 24-2.2-10,Euro per Tonne,
AJA05,Fertiliser Price,2013,2013,24,Compound 24-2.2-4.5,Euro per Tonne,392.68
AJA05,Fertiliser Price,2013,2013,26,Compound 19-0-15,Euro per Tonne,404.18
AJA05,Fertiliser Price,2013,2013,27,Compound 25-4-0,Euro per Tonne,415.68
AJA05,Fertiliser Price,2014,2014,1,Calcium Ammonium Nitrate (27.5% N),Euro per Tonne,322.2
AJA05,Fertiliser Price,2014,2014,2,Urea (46% N),Euro per Tonne,395.47
AJA05,Fertiliser Price,2014,2014,4,Granular Superphosphate (16% P),Euro per Tonne,416.85
AJA05,Fertiliser Price,2014,2014,6,Muriate of Potash (50% K),Euro per Tonne,415.09
AJA05,Fertiliser Price,2014,2014,7,Compound 0-10-20,Euro per Tonne,412.81
AJA05,Fertiliser Price,2014,2014,8,Compound 0-7-30,Euro per Tonne,415.6
AJA05,Fertiliser Price,2014,2014,9,Compound 7-6-17,Euro per Tonne,471.76
AJA05,Fertiliser Price,2014,2014,10,Compound 10-10-20,Euro per Tonne,446.14
AJA05,Fertiliser Price,2014,2014,11,Compound 14-7-14,Euro per Tonne,420.54
AJA05,Fertiliser Price,2014,2014,12,Compound 18-6-12,Euro per Tonne,414.75
AJA05,Fertiliser Price,2014,2014,13,Compound 24-2.5-10,Euro per Tonne,432.02
AJA05,Fertiliser Price,2014,2014,14,Compound 27-2.5-5,Euro per Tonne,423.82
AJA05,Fertiliser Price,2014,2014,15,Sulphate of Potash (42% K),Euro per Tonne,539.21
AJA05,Fertiliser Price,2014,2014,16,Compound 8-5-18,Euro per Tonne,426.26
AJA05,Fertiliser Price,2014,2014,17,Compound 20-4-10,Euro per Tonne,404.5
AJA05,Fertiliser Price,2014,2014,18,Sulphate of Ammonia (21%),Euro per Tonne,336.93
AJA05,Fertiliser Price,2014,2014,19,Ammonium Sulphate Nitrate (26%),Euro per Tonne,350.84
AJA05,Fertiliser Price,2014,2014,20,Compound 10-5-25,Euro per Tonne,415
AJA05,Fertiliser Price,2014,2014,21,Compound 13-6-20,Euro per Tonne,427.7
AJA05,Fertiliser Price,2014,2014,22,Compound 15-3-20,Euro per Tonne,407.25
AJA05,Fertiliser Price,2014,2014,23,Compound 24-2.2-10,Euro per Tonne,403.5
AJA05,Fertiliser Price,2014,2014,24,Compound 24-2.2-4.5,Euro per Tonne,390.08
AJA05,Fertiliser Price,2014,2014,26,Compound 19-0-15,Euro per Tonne,395.92
AJA05,Fertiliser Price,2014,2014,27,Compound 25-4-0,Euro per Tonne,407.44
AJA05,Fertiliser Price,2015,2015,1,Calcium Ammonium Nitrate (27.5% N),Euro per Tonne,320.33
AJA05,Fertiliser Price,2015,2015,2,Urea (46% N),Euro per Tonne,410.17
AJA05,Fertiliser Price,2015,2015,4,Granular Superphosphate (16% P),Euro per Tonne,418.7
AJA05,Fertiliser Price,2015,2015,6,Muriate of Potash (50% K),Euro per Tonne,418.06
AJA05,Fertiliser Price,2015,2015,7,Compound 0-10-20,Euro per Tonne,408.49
AJA05,Fertiliser Price,2015,2015,8,Compound 0-7-30,Euro per Tonne,413.07
AJA05,Fertiliser Price,2015,2015,9,Compound 7-6-17,Euro per Tonne,489.65
AJA05,Fertiliser Price,2015,2015,10,Compound 10-10-20,Euro per Tonne,450.93
AJA05,Fertiliser Price,2015,2015,11,Compound 14-7-14,Euro per Tonne,431.17
AJA05,Fertiliser Price,2015,2015,12,Compound 18-6-12,Euro per Tonne,417.42
AJA05,Fertiliser Price,2015,2015,13,Compound 24-2.5-10,Euro per Tonne,433.24
AJA05,Fertiliser Price,2015,2015,14,Compound 27-2.5-5,Euro per Tonne,424.1
AJA05,Fertiliser Price,2015,2015,15,Sulphate of Potash (42% K),Euro per Tonne,571
AJA05,Fertiliser Price,2015,2015,16,Compound 8-5-18,Euro per Tonne,426.72
AJA05,Fertiliser Price,2015,2015,17,Compound 20-4-10,Euro per Tonne,421.25
AJA05,Fertiliser Price,2015,2015,18,Sulphate of Ammonia (21%),Euro per Tonne,336.1
AJA05,Fertiliser Price,2015,2015,19,Ammonium Sulphate Nitrate (26%),Euro per Tonne,354.64
AJA05,Fertiliser Price,2015,2015,20,Compound 10-5-25,Euro per Tonne,424.79
AJA05,Fertiliser Price,2015,2015,21,Compound 13-6-20,Euro per Tonne,422.25
AJA05,Fertiliser Price,2015,2015,22,Compound 15-3-20,Euro per Tonne,414.13
AJA05,Fertiliser Price,2015,2015,23,Compound 24-2.2-10,Euro per Tonne,389
AJA05,Fertiliser Price,2015,2015,24,Compound 24-2.2-4.5,Euro per Tonne,390.16
AJA05,Fertiliser Price,2015,2015,26,Compound 19-0-15,Euro per Tonne,400.47
AJA05,Fertiliser Price,2015,2015,27,Compound 25-4-0,Euro per Tonne,406.79
AJA05,Fertiliser Price,2016,2016,1,Calcium Ammonium Nitrate (27.5% N),Euro per Tonne,257.45
AJA05,Fertiliser Price,2016,2016,2,Urea (46% N),Euro per Tonne,351.43
AJA05,Fertiliser Price,2016,2016,4,Granular Superphosphate (16% P),Euro per Tonne,390.27
AJA05,Fertiliser Price,2016,2016,6,Muriate of Potash (50% K),Euro per Tonne,389.87
AJA05,Fertiliser Price,2016,2016,7,Compound 0-10-20,Euro per Tonne,386.88
AJA05,Fertiliser Price,2016,2016,8,Compound 0-7-30,Euro per Tonne,391
AJA05,Fertiliser Price,2016,2016,9,Compound 7-6-17,Euro per Tonne,471.78
AJA05,Fertiliser Price,2016,2016,10,Compound 10-10-20,Euro per Tonne,402.12
AJA05,Fertiliser Price,2016,2016,11,Compound 14-7-14,Euro per Tonne,377.16
AJA05,Fertiliser Price,2016,2016,12,Compound 18-6-12,Euro per Tonne,365.66
AJA05,Fertiliser Price,2016,2016,13,Compound 24-2.5-10,Euro per Tonne,370.88
AJA05,Fertiliser Price,2016,2016,14,Compound 27-2.5-5,Euro per Tonne,362.36
AJA05,Fertiliser Price,2016,2016,15,Sulphate of Potash (42% K),Euro per Tonne,616.71
AJA05,Fertiliser Price,2016,2016,16,Compound 8-5-18,Euro per Tonne,390.07
AJA05,Fertiliser Price,2016,2016,17,Compound 20-4-10,Euro per Tonne,353.93
AJA05,Fertiliser Price,2016,2016,18,Sulphate of Ammonia (21%),Euro per Tonne,280.3
AJA05,Fertiliser Price,2016,2016,19,Ammonium Sulphate Nitrate (26%),Euro per Tonne,296.24
AJA05,Fertiliser Price,2016,2016,20,Compound 10-5-25,Euro per Tonne,394.08
AJA05,Fertiliser Price,2016,2016,21,Compound 13-6-20,Euro per Tonne,391.98
AJA05,Fertiliser Price,2016,2016,22,Compound 15-3-20,Euro per Tonne,381.95
AJA05,Fertiliser Price,2016,2016,23,Compound 24-2.2-10,Euro per Tonne,374.17
AJA05,Fertiliser Price,2016,2016,24,Compound 24-2.2-4.5,Euro per Tonne,331.73
AJA05,Fertiliser Price,2016,2016,26,Compound 19-0-15,Euro per Tonne,349.48
AJA05,Fertiliser Price,2016,2016,27,Compound 25-4-0,Euro per Tonne,350.48
AJA05,Fertiliser Price,2017,2017,1,Calcium Ammonium Nitrate (27.5% N),Euro per Tonne,239.52
AJA05,Fertiliser Price,2017,2017,2,Urea (46% N),Euro per Tonne,348.35
AJA05,Fertiliser Price,2017,2017,4,Granular Superphosphate (16% P),Euro per Tonne,376.5
AJA05,Fertiliser Price,2017,2017,6,Muriate of Potash (50% K),Euro per Tonne,365.37
AJA05,Fertiliser Price,2017,2017,7,Compound 0-10-20,Euro per Tonne,359.41
AJA05,Fertiliser Price,2017,2017,8,Compound 0-7-30,Euro per Tonne,361.93
AJA05,Fertiliser Price,2017,2017,9,Compound 7-6-17,Euro per Tonne,449.2
AJA05,Fertiliser Price,2017,2017,10,Compound 10-10-20,Euro per Tonne,381.13
AJA05,Fertiliser Price,2017,2017,11,Compound 14-7-14,Euro per Tonne,356.08
AJA05,Fertiliser Price,2017,2017,12,Compound 18-6-12,Euro per Tonne,342.17
AJA05,Fertiliser Price,2017,2017,13,Compound 24-2.5-10,Euro per Tonne,350.02
AJA05,Fertiliser Price,2017,2017,14,Compound 27-2.5-5,Euro per Tonne,341.15
AJA05,Fertiliser Price,2017,2017,15,Sulphate of Potash (42% K),Euro per Tonne,
AJA05,Fertiliser Price,2017,2017,16,Compound 8-5-18,Euro per Tonne,361.73
AJA05,Fertiliser Price,2017,2017,17,Compound 20-4-10,Euro per Tonne,332.01
AJA05,Fertiliser Price,2017,2017,18,Sulphate of Ammonia (21%),Euro per Tonne,270.66
AJA05,Fertiliser Price,2017,2017,19,Ammonium Sulphate Nitrate (26%),Euro per Tonne,273.88
AJA05,Fertiliser Price,2017,2017,20,Compound 10-5-25,Euro per Tonne,359.07
AJA05,Fertiliser Price,2017,2017,21,Compound 13-6-20,Euro per Tonne,369.54
AJA05,Fertiliser Price,2017,2017,22,Compound 15-3-20,Euro per Tonne,345.73
AJA05,Fertiliser Price,2017,2017,23,Compound 24-2.2-10,Euro per Tonne,
AJA05,Fertiliser Price,2017,2017,24,Compound 24-2.2-4.5,Euro per Tonne,305.48
AJA05,Fertiliser Price,2017,2017,26,Compound 19-0-15,Euro per Tonne,311.88
AJA05,Fertiliser Price,2017,2017,27,Compound 25-4-0,Euro per Tonne,326.71
AJA05,Fertiliser Price,2018,2018,1,Calcium Ammonium Nitrate (27.5% N),Euro per Tonne,265.43
AJA05,Fertiliser Price,2018,2018,2,Urea (46% N),Euro per Tonne,355
AJA05,Fertiliser Price,2018,2018,4,Granular Superphosphate (16% P),Euro per Tonne,
AJA05,Fertiliser Price,2018,2018,6,Muriate of Potash (50% K),Euro per Tonne,366.25
AJA05,Fertiliser Price,2018,2018,7,Compound 0-10-20,Euro per Tonne,362.29
AJA05,Fertiliser Price,2018,2018,8,Compound 0-7-30,Euro per Tonne,365.71
AJA05,Fertiliser Price,2018,2018,9,Compound 7-6-17,Euro per Tonne,452.99
AJA05,Fertiliser Price,2018,2018,10,Compound 10-10-20,Euro per Tonne,393.73
AJA05,Fertiliser Price,2018,2018,11,Compound 14-7-14,Euro per Tonne,371.04
AJA05,Fertiliser Price,2018,2018,12,Compound 18-6-12,Euro per Tonne,362.26
AJA05,Fertiliser Price,2018,2018,13,Compound 24-2.5-10,Euro per Tonne,375.04
AJA05,Fertiliser Price,2018,2018,14,Compound 27-2.5-5,Euro per Tonne,366.17
AJA05,Fertiliser Price,2018,2018,15,Sulphate of Potash (42% K),Euro per Tonne,566.78
AJA05,Fertiliser Price,2018,2018,16,Compound 8-5-18,Euro per Tonne,382.83
AJA05,Fertiliser Price,2018,2018,17,Compound 20-4-10,Euro per Tonne,352.66
AJA05,Fertiliser Price,2018,2018,18,Sulphate of Ammonia (21%),Euro per Tonne,284.23
AJA05,Fertiliser Price,2018,2018,19,Ammonium Sulphate Nitrate (26%),Euro per Tonne,
AJA05,Fertiliser Price,2018,2018,20,Compound 10-5-25,Euro per Tonne,379.82
AJA05,Fertiliser Price,2018,2018,21,Compound 13-6-20,Euro per Tonne,
AJA05,Fertiliser Price,2018,2018,22,Compound 15-3-20,Euro per Tonne,359.18
AJA05,Fertiliser Price,2018,2018,23,Compound 24-2.2-10,Euro per Tonne,
AJA05,Fertiliser Price,2018,2018,24,Compound 24-2.2-4.5,Euro per Tonne,324.13
AJA05,Fertiliser Price,2018,2018,26,Compound 19-0-15,Euro per Tonne,335.99
AJA05,Fertiliser Price,2018,2018,27,Compound 25-4-0,Euro per Tonne,339.57
AJA05,Fertiliser Price,2019,2019,1,Calcium Ammonium Nitrate (27.5% N),Euro per Tonne,280.11
AJA05,Fertiliser Price,2019,2019,2,Urea (46% N),Euro per Tonne,372.32
AJA05,Fertiliser Price,2019,2019,4,Granular Superphosphate (16% P),Euro per Tonne,398.63
AJA05,Fertiliser Price,2019,2019,6,Muriate of Potash (50% K),Euro per Tonne,388.32
AJA05,Fertiliser Price,2019,2019,7,Compound 0-10-20,Euro per Tonne,383.91
AJA05,Fertiliser Price,2019,2019,8,Compound 0-7-30,Euro per Tonne,386.91
AJA05,Fertiliser Price,2019,2019,9,Compound 7-6-17,Euro per Tonne,472.06
AJA05,Fertiliser Price,2019,2019,10,Compound 10-10-20,Euro per Tonne,415.14
AJA05,Fertiliser Price,2019,2019,11,Compound 14-7-14,Euro per Tonne,393.05
AJA05,Fertiliser Price,2019,2019,12,Compound 18-6-12,Euro per Tonne,381.47
AJA05,Fertiliser Price,2019,2019,13,Compound 24-2.5-10,Euro per Tonne,392.13
AJA05,Fertiliser Price,2019,2019,14,Compound 27-2.5-5,Euro per Tonne,383.22
AJA05,Fertiliser Price,2019,2019,15,Sulphate of Potash (42% K),Euro per Tonne,573.25
AJA05,Fertiliser Price,2019,2019,16,Compound 8-5-18,Euro per Tonne,400.5
AJA05,Fertiliser Price,2019,2019,17,Compound 20-4-10,Euro per Tonne,371.65
AJA05,Fertiliser Price,2019,2019,18,Sulphate of Ammonia (21%),Euro per Tonne,297.5
AJA05,Fertiliser Price,2019,2019,19,Ammonium Sulphate Nitrate (26%),Euro per Tonne,311.75
AJA05,Fertiliser Price,2019,2019,20,Compound 10-5-25,Euro per Tonne,392.95
AJA05,Fertiliser Price,2019,2019,21,Compound 13-6-20,Euro per Tonne,401.46
AJA05,Fertiliser Price,2019,2019,22,Compound 15-3-20,Euro per Tonne,381.37
AJA05,Fertiliser Price,2019,2019,23,Compound 24-2.2-10,Euro per Tonne,
AJA05,Fertiliser Price,2019,2019,24,Compound 24-2.2-4.5,Euro per Tonne,347.57
AJA05,Fertiliser Price,2019,2019,26,Compound 19-0-15,Euro per Tonne,356.36
AJA05,Fertiliser Price,2019,2019,27,Compound 25-4-0,Euro per Tonne,360.19
AJA05,Fertiliser Price,2020,2020,1,Calcium Ammonium Nitrate (27.5% N),Euro per Tonne,240.17
AJA05,Fertiliser Price,2020,2020,2,Urea (46% N),Euro per Tonne,335.94
AJA05,Fertiliser Price,2020,2020,4,Granular Superphosphate (16% P),Euro per Tonne,366.56
AJA05,Fertiliser Price,2020,2020,6,Muriate of Potash (50% K),Euro per Tonne,363.3
AJA05,Fertiliser Price,2020,2020,7,Compound 0-10-20,Euro per Tonne,369.33
AJA05,Fertiliser Price,2020,2020,8,Compound 0-7-30,Euro per Tonne,371.53
AJA05,Fertiliser Price,2020,2020,9,Compound 7-6-17,Euro per Tonne,451.82
AJA05,Fertiliser Price,2020,2020,10,Compound 10-10-20,Euro per Tonne,372.72
AJA05,Fertiliser Price,2020,2020,11,Compound 14-7-14,Euro per Tonne,361.87
AJA05,Fertiliser Price,2020,2020,12,Compound 18-6-12,Euro per Tonne,344.27
AJA05,Fertiliser Price,2020,2020,13,Compound 24-2.5-10,Euro per Tonne,350.04
AJA05,Fertiliser Price,2020,2020,14,Compound 27-2.5-5,Euro per Tonne,340.85
AJA05,Fertiliser Price,2020,2020,15,Sulphate of Potash (42% K),Euro per Tonne,
AJA05,Fertiliser Price,2020,2020,16,Compound 8-5-18,Euro per Tonne,
AJA05,Fertiliser Price,2020,2020,17,Compound 20-4-10,Euro per Tonne,342.69
AJA05,Fertiliser Price,2020,2020,18,Sulphate of Ammonia (21%),Euro per Tonne,
AJA05,Fertiliser Price,2020,2020,19,Ammonium Sulphate Nitrate (26%),Euro per Tonne,285.38
AJA05,Fertiliser Price,2020,2020,20,Compound 10-5-25,Euro per Tonne,357.24
AJA05,Fertiliser Price,2020,2020,21,Compound 13-6-20,Euro per Tonne,354.91
AJA05,Fertiliser Price,2020,2020,22,Compound 15-3-20,Euro per Tonne,358.08
AJA05,Fertiliser Price,2020,2020,23,Compound 24-2.2-10,Euro per Tonne,
AJA05,Fertiliser Price,2020,2020,24,Compound 24-2.2-4.5,Euro per Tonne,306.82
AJA05,Fertiliser Price,2020,2020,26,Compound 19-0-15,Euro per Tonne,323.18
AJA05,Fertiliser Price,2020,2020,27,Compound 25-4-0,Euro per Tonne,323.71
AJA05,Fertiliser Price,2021,2021,1,Calcium Ammonium Nitrate (27.5% N),Euro per Tonne,319.31
AJA05,Fertiliser Price,2021,2021,2,Urea (46% N),Euro per Tonne,442.36
AJA05,Fertiliser Price,2021,2021,4,Granular Superphosphate (16% P),Euro per Tonne,390.44
AJA05,Fertiliser Price,2021,2021,6,Muriate of Potash (50% K),Euro per Tonne,424.66
AJA05,Fertiliser Price,2021,2021,7,Compound 0-10-20,Euro per Tonne,427.25
AJA05,Fertiliser Price,2021,2021,8,Compound 0-7-30,Euro per Tonne,429.28
AJA05,Fertiliser Price,2021,2021,9,Compound 7-6-17,Euro per Tonne,528.29
AJA05,Fertiliser Price,2021,2021,10,Compound 10-10-20,Euro per Tonne,456.68
AJA05,Fertiliser Price,2021,2021,11,Compound 14-7-14,Euro per Tonne,468.15
AJA05,Fertiliser Price,2021,2021,12,Compound 18-6-12,Euro per Tonne,423.77
AJA05,Fertiliser Price,2021,2021,13,Compound 24-2.5-10,Euro per Tonne,425.58
AJA05,Fertiliser Price,2021,2021,14,Compound 27-2.5-5,Euro per Tonne,418.92
AJA05,Fertiliser Price,2021,2021,15,Sulphate of Potash (42% K),Euro per Tonne,600
AJA05,Fertiliser Price,2021,2021,16,Compound 8-5-18,Euro per Tonne,418.33
AJA05,Fertiliser Price,2021,2021,17,Compound 20-4-10,Euro per Tonne,430.45
AJA05,Fertiliser Price,2021,2021,18,Sulphate of Ammonia (21%),Euro per Tonne,350
AJA05,Fertiliser Price,2021,2021,19,Ammonium Sulphate Nitrate (26%),Euro per Tonne,352.5
AJA05,Fertiliser Price,2021,2021,20,Compound 10-5-25,Euro per Tonne,466.77
AJA05,Fertiliser Price,2021,2021,21,Compound 13-6-20,Euro per Tonne,475.47
AJA05,Fertiliser Price,2021,2021,22,Compound 15-3-20,Euro per Tonne,374.92
AJA05,Fertiliser Price,2021,2021,23,Compound 24-2.2-10,Euro per Tonne,
AJA05,Fertiliser Price,2021,2021,24,Compound 24-2.2-4.5,Euro per Tonne,373.15
AJA05,Fertiliser Price,2021,2021,26,Compound 19-0-15,Euro per Tonne,401.61
AJA05,Fertiliser Price,2021,2021,27,Compound 25-4-0,Euro per Tonne,343.37
